Dataset,Experiment,Arm,Seed,Train R2,Val R2,Test R2,Test MSE,Test MAE,Test R2 DCAA (mg/L),Test R2 TCAA (ug/L),Test R2 BCAA(mg/L),Test R2 HAA5 (ug/L),Test R2 HAA9 (ug/L),Params,Test R2 DCAA,Test R2 TCAA,Test R2 HAA5,Test R2 TTHM
original,module,full,42,0.3843667303173096,0.35125419049714257,0.04832841073854577,0.5620146822485828,0.5951944766697161,0.0359438440914569,0.17129507496410812,0.03913866332719973,-0.011469156691495064,0.006733628001459047,177466.0,,,,
original,module,no_attention,42,0.9470189134047725,0.7126948878382491,0.23579184462718503,0.5109487771546026,0.4299050667937756,0.2807103331417984,0.4540969434543767,-0.3540787147107993,0.41516219285272227,0.3830684683978265,166661.0,,,,
original,module,no_chemistry,42,0.9596667716729362,0.6548811136739794,0.27459376373138716,0.4760822420702306,0.4177736705871811,0.34308891221383087,0.3926516635262982,-0.23745215011988718,0.43122810707101333,0.4434522859656804,163914.0,,,,
original,module,no_interaction,42,0.29410722040283044,0.37513345792495273,0.04960508422316059,0.5646284287376273,0.6003575936281693,-0.03620543034230295,0.1550346853612632,0.040347910908067774,-0.007066176502239285,0.09591443169101399,156986.0,,,,
original,module,no_grouping,42,0.7392315438873774,0.36677537407478816,0.2765761324873431,0.4331667834767499,0.49278872145756497,0.23757859389441893,0.4081853579230681,0.23652350087116192,0.22237458545532718,0.27821862429273914,100214.0,,,,
original,module,random_grouping,42,0.38778683221067806,0.3642355581857154,0.1316117765364632,0.5250687013329277,0.5724769650273236,0.05103072937433095,0.3135370926194164,0.06012303636591765,0.10998387280979127,0.12338415151285953,177466.0,,,,
original,module,no_hier_loss,42,0.3676821784909457,0.33863718130223575,0.04892836901079276,0.5625548416368064,0.6018932512596381,0.00974444029877608,0.10316295748449333,0.029768889731016213,0.08791139045630991,0.014054167083367708,177466.0,,,,
original,module,multitask_mlp,42,0.8226778380586388,0.40267155243028807,0.2675676111181768,0.4457337650753635,0.46010843695599285,0.2533021547612464,0.2772792926848534,0.11169367611600256,0.3649557658720024,0.3306071661567792,5061.0,,,,
original,module,full,123,0.6140707857464233,0.40710225110085096,0.053937092332642364,0.5833877539080028,0.5517392990754358,-0.047620612611301016,0.08529888873406954,0.05394260836657161,0.008677509847184295,0.16938706732668685,177466.0,,,,
original,module,no_attention,123,0.6113718670041264,0.32274810330848547,-0.06818688845566175,0.6621415507175978,0.5698353996485801,-0.028265552429333374,-0.06914987196333455,-0.010194708018859355,-0.09084443291433031,-0.14247987695245157,166661.0,,,,
original,module,no_chemistry,123,0.5928057485343606,0.48437207068672905,0.13248819238319937,0.5357157561978532,0.5197185079064508,0.010735885427599623,0.15299598055250263,0.08511896872422542,0.21458435149754185,0.1990057757141276,163914.0,,,,
original,module,no_interaction,123,0.7015960628199502,0.4139721461148909,0.1862061709296971,0.5019226595511145,0.5281295438684473,0.04046077562209538,0.1727328837974178,0.15324045716382673,0.25585154149963985,0.30874519656550525,156986.0,,,,
original,module,no_grouping,123,0.5102577967812076,0.21115164963251648,-0.07981539714537293,0.670312285784386,0.5976868410445036,0.058618708718730095,-0.07358800661590581,-0.01794131853771397,-0.19098731209026276,-0.17517905720171245,100214.0,,,,
original,module,random_grouping,123,0.6215447067267709,0.4628629908906713,0.09866012988895112,0.5555216870088191,0.534737416398826,0.018527545386932576,0.1655200775703004,0.10432865942586711,0.0059212600843639995,0.1990031069772913,177466.0,,,,
original,module,no_hier_loss,123,0.6046441023430728,0.40918932277714487,0.043083001785566274,0.5897400915368685,0.5497856219009636,-0.09375160614372846,0.07530401332774961,0.06778706488419639,0.027127454856476607,0.13894808200313724,177466.0,,,,
original,module,multitask_mlp,123,0.6276408385280204,0.3444503374176889,0.11699506441306065,0.5441766952056911,0.5378953289354168,-0.008752021828723144,0.26146413859333995,0.05246124964192711,0.1273539094200441,0.15244804623871566,5061.0,,,,
original,module,full,456,0.6267544927500648,0.3030082261838129,0.509156316674137,0.46522662987589686,0.5324675946509594,0.5786588029085523,0.6146770000576793,0.162524485184811,0.5931688660615121,0.59675242915813,177466.0,,,,
original,module,no_attention,456,0.5409810573762961,0.11479217817607075,0.46436649475883307,0.509978460703117,0.5536701345941708,0.5046485806487024,0.5661385995936963,0.06958854107254964,0.5936265206317515,0.5878302318474655,166661.0,,,,
original,module,no_chemistry,456,0.5961216308892994,0.22998074516710504,0.45598870140329045,0.5084212253405223,0.5492600576956251,0.5532092389257139,0.5473145319227808,0.12595157065975604,0.5582909298185159,0.49517723568968564,163914.0,,,,
original,module,no_interaction,456,0.6039841480637024,0.3162482488721486,0.4221650052655548,0.5304047869409696,0.5643975017182988,0.4032306597290064,0.5682815211630834,0.15750827225434572,0.4648669068057443,0.5169376663755947,156986.0,,,,
original,module,no_grouping,456,0.5619162871609422,0.11274402966763448,0.4701952460741552,0.5052521855668151,0.5710576531321209,0.5457473746437523,0.6209775036040579,0.07259404430454286,0.4964064152147827,0.6152508926036404,100214.0,,,,
original,module,random_grouping,456,0.5473191191056407,0.02878547152064952,0.4104475313512679,0.550754464561063,0.5656403652607451,0.435920106350526,0.5599551722471658,0.06263186036397017,0.48267022934266623,0.511060288452011,177466.0,,,,
original,module,no_hier_loss,456,0.6133745352162954,0.3025771506380407,0.5049284324255255,0.4699316047538461,0.5290198805458016,0.5695491969102531,0.5990134719325171,0.14846770304257784,0.5861384805321117,0.6214733097101683,177466.0,,,,
original,module,multitask_mlp,456,0.5876019672347781,0.29714833796624174,0.41424294893151997,0.5450905512861534,0.588488367516541,0.4435898397003787,0.4628647791912093,0.0756746016676123,0.5195887677547902,0.5694967563436091,5061.0,,,,
original,module,full,789,0.8924639782082535,0.4808334502001392,0.3517202582796206,0.82146532686732,0.5053556766794001,0.4418647105481892,0.3751915414273068,0.040902538658901144,0.4173896239514817,0.48325287681222395,177466.0,,,,
original,module,no_attention,789,0.5744292516929012,0.11794174603050012,0.30689753302551426,0.8524907227692117,0.6080830725239676,0.6005957161294533,0.3242448874105349,0.032241963347099833,0.19357322367591678,0.38383187456456624,166661.0,,,,
original,module,no_chemistry,789,0.5970419623922295,0.3017475541811462,0.39048885783251225,0.8052257438484298,0.552308950686739,0.5581100169323416,0.4463699460487036,0.024913202016985214,0.449723074332518,0.4733280498320128,163914.0,,,,
original,module,no_interaction,789,0.5337813925746911,0.16520037189228712,0.21997053344259507,0.9171481331775452,0.6259145871177483,0.32693313394483725,0.23236991124889073,0.007813029526909432,0.23003877232113756,0.3026978201712006,156986.0,,,,
original,module,no_grouping,789,0.3810344647802282,0.1254986063871411,0.36904751347049186,0.8417680390533505,0.6007836585357383,0.5644960220960691,0.4305133907531318,-0.02776131725044584,0.43459990027634054,0.4433895714773639,100214.0,,,,
original,module,random_grouping,789,0.5882789528771375,0.23349797509906445,0.2909842546314928,0.8534707660541873,0.6122522532034967,0.3844023896985532,0.3456344966432444,0.055736076001600354,0.3752061758263948,0.2939421349876713,177466.0,,,,
original,module,no_hier_loss,789,0.9061828770326967,0.5163360092851118,0.35660135466406395,0.8189767567514818,0.49803458550391627,0.4417465870206898,0.3773422093260119,0.03986158661832884,0.43941950282920705,0.4846368875260817,177466.0,,,,
original,module,multitask_mlp,789,0.6037272248796708,0.3932908303814758,0.42642808037962004,0.7737222558938277,0.5575983243971827,0.5580634681857137,0.4706104207513997,0.04571166741736965,0.5146884942748922,0.5430663512687252,5061.0,,,,
original,module,full,1024,0.7115850975751976,0.14000993613843699,0.2512982958668299,0.6587378090803582,0.6701907958191938,0.33176454557738844,0.39750510685629414,-0.30590122519849294,0.41821838076821083,0.4149046713307486,177466.0,,,,
original,module,no_attention,1024,0.7037911443718153,0.06074752713119795,0.31118181705279274,0.6089432104526535,0.6481666576823096,0.40257260118282534,0.4420937766980354,-0.1822889243537369,0.4715299402435239,0.42200169149331557,166661.0,,,,
original,module,no_chemistry,1024,0.5870057796298874,0.6097519637044869,0.3187991421006082,0.6069314342927541,0.5754378340477821,0.45038133968119287,0.4307640306740811,-0.148353748557845,0.4727293502611787,0.3884747384444329,163914.0,,,,
original,module,no_interaction,1024,0.6166207438910674,0.1003293330455812,0.2017366518120177,0.7114199294256537,0.6620907797757376,0.1706940826506339,0.42827977338763923,-0.20926462194815953,0.28884651892053137,0.3301275060494433,156986.0,,,,
original,module,no_grouping,1024,0.47943484454380386,0.20343764447101717,0.21208497954817068,0.7417452637183043,0.6593110998550238,0.21767101290723723,0.14617919751616737,0.11229796180426432,0.24334155641790434,0.3409351690952799,100214.0,,,,
original,module,random_grouping,1024,0.8807169195889684,0.10499874009584227,0.17868706193624198,0.7208676045857441,0.6601014123390988,0.282101813332023,0.36043445902833704,-0.45302972991310675,0.36508940015764546,0.3388393670763108,177466.0,,,,
original,module,no_hier_loss,1024,0.7196509896272085,0.16815963647362459,0.2344439330818319,0.6749052955693717,0.6698403011291617,0.2882707910755514,0.386406487197254,-0.30469801197613133,0.4088830092392073,0.3933573898732775,177466.0,,,,
original,module,multitask_mlp,1024,0.605006282724438,0.5680107494476895,0.37383586909821603,0.5624618501937262,0.5932785463930379,0.4276986135775468,0.3802691341808795,2.766455104341592e-05,0.5577297582107817,0.5034541749708283,5061.0,,,,
original,module,full,2025,0.7961744985443046,0.2732036117597787,0.29796913982689804,0.29064035236103236,0.42526683593302816,0.39026742138463677,0.5031321414653189,-0.27831706127097844,0.42118506037554604,0.4535781371799673,177466.0,,,,
original,module,no_attention,2025,0.9444779419813489,0.3419709833997861,0.32531551320652674,0.27821530160592006,0.42622536313835885,0.4368649826001626,0.5249583936575379,-0.18169179838955185,0.42056659348539527,0.4258793946790901,166661.0,,,,
original,module,no_chemistry,2025,0.9562773472276799,0.37993489936385627,0.2893416081502887,0.29205130200842266,0.4387776437146681,0.49367042762616975,0.46074536674881594,-0.2497177620038773,0.35612815846059875,0.3858818499197363,163914.0,,,,
original,module,no_interaction,2025,0.8342871120002121,0.38645346554305365,0.2862890248141442,0.29257168845346015,0.43108327140735525,0.4395286604152562,0.4695932148924803,-0.18448927042969832,0.3435394452075424,0.36327307398514075,156986.0,,,,
original,module,no_grouping,2025,0.8161664272148682,0.31636959208479704,0.25604808881457686,0.30858786840889396,0.4383080216695884,0.33918936002359046,0.47136883811833097,-0.37819174214879436,0.404851139203234,0.44302284887652343,100214.0,,,,
original,module,random_grouping,2025,0.7703092929806512,0.2582761703543469,0.2132588486727835,0.3267155180334923,0.45861051884452236,0.3640343650051413,0.41621795446528875,-0.5150917654786151,0.4154488114385422,0.38568487793356065,177466.0,,,,
original,module,no_hier_loss,2025,0.9899769430033409,0.3237122916295587,0.3591999160804459,0.2640348798707137,0.3863453384875922,0.4172997313265536,0.4805535827976136,-0.09811462996289255,0.4974434564786526,0.49881743976230253,177466.0,,,,
original,module,multitask_mlp,2025,0.9361908595247197,0.3533016974404462,0.3517724251956788,0.27264955693062165,0.39787455744689726,0.48309890358893104,0.5601444791875518,-0.4276657092411471,0.5651503586483186,0.5781340937947396,5061.0,,,,
original,module,full,3407,0.7840168395329311,0.25429871760773126,0.01929990783602966,1.1379150743809932,0.6876420025234926,0.08537845808144395,-0.08434615437658288,0.1267013725886159,0.004163813533297089,-0.035397950646625986,177466.0,,,,
original,module,no_attention,3407,0.8085185619085324,0.19184728459210415,-0.34166215695743757,1.3229369400416537,0.7447452346378896,-0.3248739186013092,-0.5182328233672648,0.1731843875011263,-0.6202343306469256,-0.41815409967281414,166661.0,,,,
original,module,no_chemistry,3407,0.6934180454866881,0.2643761635810863,0.1613077133985514,1.1211476973420633,0.6891042600327462,0.2652721793547146,0.05102475709083254,0.018833968107684895,0.1836032580613477,0.28780440437817767,163914.0,,,,
original,module,no_interaction,3407,0.5133791537214312,0.2933596393013154,0.20471107765640503,1.0800710391558541,0.688321534888158,0.23544233209451515,0.2380336041245752,0.04441152758960254,0.19949280191818852,0.30617512255514356,156986.0,,,,
original,module,no_grouping,3407,0.7379803387317484,0.3872635013900183,-0.21949792345339322,1.3300299154201407,0.7628002047120918,-0.3620392500788576,-0.3677219107358538,0.05069672476459286,-0.3519361963815568,-0.06648898483529075,100214.0,,,,
original,module,random_grouping,3407,0.7550839114646923,0.3523252372635188,-0.5081773817365314,1.509159050880778,0.7953759608476869,-0.5810472291420778,-0.8303632393159595,0.039552435637318806,-0.4994419765381155,-0.6695868993238216,177466.0,,,,
original,module,no_hier_loss,3407,0.7903474401823454,0.2628786464906227,0.022653233785627468,1.138802793714707,0.6769637570583515,0.12304704063262828,-0.10207672556912462,0.12148195611712032,0.008271194763382561,-0.03745729701586864,177466.0,,,,
original,module,multitask_mlp,3407,0.6947173549115584,0.3781996780483955,0.021639971148508706,1.1397950634642628,0.7064763215814025,0.20175663103968355,-0.21741465886094868,0.11910973377765044,0.0193848441389034,-0.014636694352744728,5061.0,,,,
original,module,full,5555,0.7908757294272736,0.6988675656755671,0.5779775200490175,0.47387212265242856,0.5190159555829492,0.6278158317383145,0.6250755048433463,0.2699751228359518,0.6951843267673146,0.6718368140601604,177466.0,,,,
original,module,no_attention,5555,0.5946351366534891,0.6661608004772323,0.40729764686586556,0.6684772394266842,0.6770587298957439,0.38924047663232175,0.5301739501642344,0.029499915033335822,0.5455369405621529,0.5420369519372831,166661.0,,,,
original,module,no_chemistry,5555,0.8055395403971352,0.5933477880402938,0.6167804645894669,0.42734138328146354,0.4869431872554382,0.6570775647503487,0.6751378735848655,0.32120473334906496,0.7289555804739746,0.7015265707890808,163914.0,,,,
original,module,no_interaction,5555,0.7146400275001554,0.7726608856755213,0.5589404967998381,0.4783133039360834,0.5329271027155825,0.6426584283597283,0.664391099227176,0.12216906789146531,0.681045407947995,0.684438480572827,156986.0,,,,
original,module,no_grouping,5555,0.6870112556126035,0.5759555202103193,0.6158495772966044,0.413388305589956,0.5286929154176017,0.6879700468320091,0.720746635915041,0.21630783627282568,0.7225239595610083,0.7316994079021377,100214.0,,,,
original,module,random_grouping,5555,0.6675242651920799,0.6320902456876668,0.6059690399251284,0.4269513169309178,0.523577791640267,0.6750747640103785,0.7098961710961544,0.21624223542519283,0.7078818571749039,0.7207501719190132,177466.0,,,,
original,module,no_hier_loss,5555,0.6328962468152982,0.6952201893256955,0.5020043626148057,0.5492085634487388,0.5770419335686162,0.5314152445249434,0.6384132917750458,0.09166424222411274,0.6334624227765666,0.6150666117733605,177466.0,,,,
original,module,multitask_mlp,5555,0.7381126185330752,0.6642276213440298,0.5653440033997827,0.47860021792324015,0.5252298494639198,0.654843789029433,0.6440834540596792,0.17643293150586847,0.6746573495293442,0.6767024928745888,5061.0,,,,
original,module,full,7777,0.44420887907534523,0.2232177607998632,0.3316694681973341,0.9044363705078016,0.7195064884201214,0.305071928226451,0.27613442340780203,-0.014978673480218863,0.5177301954219904,0.5743894674106467,177466.0,,,,
original,module,no_attention,7777,0.3690132384179278,0.1546057685039476,0.25222630795606793,1.0562195624706505,0.7629734353611027,0.1575536000185065,0.2058947048897385,0.073795456787497,0.4092418697713681,0.41464590831322934,166661.0,,,,
original,module,no_chemistry,7777,0.36852332119228,0.1830386154437303,0.2993841996733184,0.9642814621106399,0.7167093962192366,0.29116309334495694,0.30780458130334143,0.009023289333888185,0.3409420213953894,0.5479880129890169,163914.0,,,,
original,module,no_interaction,7777,0.39820399009724206,0.3194966449364311,0.38342700995197376,0.827380614404549,0.6797156556556858,0.30590739809689194,0.46393476947516943,0.08529756378593689,0.501869015012637,0.5601263033892336,156986.0,,,,
original,module,no_grouping,7777,0.3911381605666389,0.11493382714842695,0.20637583007862323,1.1471183123243827,0.7624858716678723,0.11851244843049769,0.1859931154355713,0.13021707611480948,0.2935692065030592,0.303587303909179,100214.0,,,,
original,module,random_grouping,7777,0.4500333572534617,0.1955049544097023,0.3128635447238537,0.9267856557315067,0.717233825462498,0.2682778150196119,0.252446720865381,-0.052591309182741686,0.5197821574757608,0.5764023394412571,177466.0,,,,
original,module,no_hier_loss,7777,0.4378817642082621,0.20874467081594075,0.3169460967710113,0.921707151465724,0.7314074190738127,0.3303628990070555,0.32025341716003497,-0.04435552261120668,0.4440591126081457,0.5344105776910275,177466.0,,,,
original,module,multitask_mlp,7777,0.46666144428604583,0.1048381847880859,0.23509949085911072,1.0853006570744774,0.7273807618651943,0.20907445836094463,0.254027844841054,0.06954070712882798,0.2931017936706122,0.34975265029411573,5061.0,,,,
original,module,full,9999,0.8986184231044068,0.17442871103555785,0.44292206466165496,1.4044667900022552,0.6637608490330216,0.6077625017941215,0.4710251829569314,0.007656032451039185,0.5713047176524024,0.5568618884537802,177466.0,,,,
original,module,no_attention,9999,0.8712875795445626,0.14769558980328162,0.3948845614924056,1.451649183738975,0.710277111751975,0.5629369703721624,0.40791704694203135,0.0045132907518089516,0.48795888660386,0.5110966127921652,166661.0,,,,
original,module,no_chemistry,9999,0.9039150960883587,0.2876763271887238,0.34859036710688635,1.440438302994799,0.7109185904346493,0.48521432555637045,0.3147293464865767,0.06416951825896533,0.4283779960616194,0.4504606491709,163914.0,,,,
original,module,no_interaction,9999,0.8167060479071029,0.284878910696328,0.38691628833498265,1.501462988461928,0.7112365632207336,0.5573206120646357,0.4086299028384395,-0.04357881717374301,0.47418678826242167,0.538022955683159,156986.0,,,,
original,module,no_grouping,9999,0.8651136373371937,0.018183294550706663,0.4198741336676548,1.4313870960044877,0.6933070574035409,0.4945017945461765,0.4962942976061312,-0.003514314508798133,0.5458010998884698,0.5662877908062948,100214.0,,,,
original,module,random_grouping,9999,0.852434920207123,0.15580041720611829,0.37570292051820464,1.5075774049584643,0.7273448329636591,0.4810875327563826,0.43408049655977543,-0.041660070985142905,0.49218358484073665,0.5128230594192713,177466.0,,,,
original,module,no_hier_loss,9999,0.9058576141533518,0.2091366525914749,0.44385341756652874,1.39145567752451,0.6582930982074862,0.6114144801005681,0.4655271263441705,0.021407708950597404,0.5629643564686637,0.5579534159686441,177466.0,,,,
original,module,multitask_mlp,9999,0.876730367971744,0.09458025122762201,0.4418631223113617,1.4522944091032208,0.6805553359801572,0.5910454512782496,0.5190166982615139,-0.0461423344053955,0.5772496299997938,0.5681461664226464,5061.0,,,,
original,feature,baseline_all_features,42,0.3843667303173096,0.35125419049714257,0.04832841073854577,0.5620146822485828,0.5951944766697161,0.0359438440914569,0.17129507496410812,0.03913866332719973,-0.011469156691495064,0.006733628001459047,177466.0,,,,
original,feature,remove_Temp,42,0.9605511997270477,0.2134048583469743,-0.16602166791808476,0.7789066268338969,0.5436464409229325,0.0739457922706025,0.04554227136511968,-1.187381602695638,0.1311207080456822,0.1066644914238094,163914.0,,,,
original,feature,remove_pH,42,0.4188331326866887,0.1566197879953975,-0.020843288738991217,0.5922223519051075,0.6175659549573858,0.0356769843243141,-0.06197159340719738,-0.016693454408015507,-0.12219282899446227,0.06096444879040397,163882.0,,,,
original,feature,remove_UVA254,42,0.9246621886196577,0.295590121647248,-0.5766816239830204,1.0435429242352523,0.5893190179586224,-0.04556989748546303,-0.1609532205730273,-1.9242877401049796,-0.0918312289414549,-0.6607660328101779,163914.0,,,,
original,feature,remove_Cl2,42,0.40877489391150235,0.3455382568716049,0.14480094835193985,0.5209652213712962,0.5634381850852995,0.019047895957052696,0.36761514242212234,0.07250396866792252,0.10540049072262414,0.15943724398997716,150593.0,,,,
original,feature,remove_NO2-N,42,0.9337721443050497,0.4183446787860629,-0.44980887611134185,0.8946323917445795,0.5325087464150989,0.16092584326945747,-0.5675648635828845,-1.2617092731882993,-0.15026576658616686,-0.43043032046881646,163914.0,,,,
original,feature,remove_DOC,42,0.43937904278960876,-0.1515355322136804,-0.022652159036048048,0.5999647244123387,0.6475304823601109,0.028909648150280187,0.1789981765716705,-0.011924288537508598,-0.19249421893770924,-0.11675011242697364,163898.0,,,,
original,feature,remove_NH4-N,42,0.23434164514688574,0.11066054294888128,-0.03272173773252853,0.5935603275670358,0.6379390952869715,0.07823756048769348,-0.024371013164749433,0.004722002023916261,-0.2921766572856519,0.06997941927614848,163914.0,,,,
original,feature,remove_Br,42,0.2506664348219167,0.3166509748780832,0.05485997326287804,0.5622778692440973,0.6109699920915294,-0.002160842938372154,0.2580297588064214,0.044801754645353076,-0.1384406586615008,0.1120698544624883,163881.0,,,,
original,feature,baseline_all_features,123,0.6140707857464233,0.40710225110085096,0.053937092332642364,0.5833877539080028,0.5517392990754358,-0.047620612611301016,0.08529888873406954,0.05394260836657161,0.008677509847184295,0.16938706732668685,177466.0,,,,
original,feature,remove_Temp,123,0.5419337632548743,0.38155872498421345,0.04985464638720931,0.5857401056995928,0.5523841860427122,-0.09813949932076649,0.10032934030274265,0.06582451002699563,0.07646536223991829,0.10479351868715603,163914.0,,,,
original,feature,remove_pH,123,0.5178368924408762,0.3552322355231895,0.09534586926543945,0.5580292542361716,0.562444078605236,-0.022041715444190535,0.20425279418091424,0.03445235777420308,0.12419709347259911,0.13586881634367087,163882.0,,,,
original,feature,remove_UVA254,123,0.4387554742750398,-0.0018276397702079894,-0.03312454880782243,0.6351738103664338,0.5927450692073052,-0.17642293631592,0.10616614753534859,0.02273859666304101,-0.18023756839606908,0.062133016474487324,163914.0,,,,
original,feature,remove_Cl2,123,0.5095684920627093,0.4411593725416947,-0.09530199700200911,0.6752570861459871,0.5858566951959563,-0.28812143473512375,-0.050427515141511225,-0.0057067902274619,-0.026466114270611074,-0.10578813063533832,150593.0,,,,
original,feature,remove_NO2-N,123,0.5517238884105381,0.3307559202088616,0.0036795139342829853,0.6145040571930039,0.5640014288789856,-0.1300712771903796,0.12234101443671652,0.00368685382846079,0.03449644991103973,-0.012055471314422306,163914.0,,,,
original,feature,remove_DOC,123,0.45061220773383415,0.4486190503815135,-0.21929145902068176,0.7535274117988638,0.634486210946838,-0.2522245651833972,-0.2619377936902223,0.03413826559291666,-0.32932339209104255,-0.28710980973166356,163898.0,,,,
original,feature,remove_NH4-N,123,0.5551105140729342,0.22476089404228147,-0.05436834846355221,0.6508045595009069,0.5834176563856953,-0.18509953473061325,0.027528604754397556,-0.005681983595908546,-0.006068482194973912,-0.102520346550663,163914.0,,,,
original,feature,remove_Br,123,0.7451530516039593,0.3827128723494022,0.1816541302299887,0.5076550851392134,0.5432579669255075,0.19337859868258678,0.2072688087838177,0.011732332786156596,0.24774659922589437,0.24814431167148754,163881.0,,,,
original,feature,baseline_all_features,456,0.6267544927500648,0.3030082261838129,0.509156316674137,0.46522662987589686,0.5324675946509594,0.5786588029085523,0.6146770000576793,0.162524485184811,0.5931688660615121,0.59675242915813,177466.0,,,,
original,feature,remove_Temp,456,0.6174656767793513,0.41308784665425635,0.4415424305001352,0.5115138771714629,0.5802706110065842,0.4766324754424228,0.5415982356572783,0.18703434627929238,0.47635545517142974,0.5260916399502527,163914.0,,,,
original,feature,remove_pH,456,0.5497959921173383,0.44324114594633424,0.4157794281244618,0.5472922052026739,0.5852372678449411,0.4710394060790368,0.5848354027148133,0.05857061227712235,0.4590326465054002,0.5054190730459354,163882.0,,,,
original,feature,remove_UVA254,456,0.6329091323460853,0.149447105191342,0.3831302199148269,0.5484920045511885,0.6008939742274085,0.478956610385599,0.3771327470009078,0.21650012705194988,0.37734699070878763,0.4657146244268897,163914.0,,,,
original,feature,remove_Cl2,456,0.6260739352379051,0.1744261488908901,0.4325901849250591,0.5213681023364323,0.5617318550945335,0.3904220815276981,0.5193978343115414,0.16623888491950123,0.5436711318652218,0.5432209920013327,150593.0,,,,
original,feature,remove_NO2-N,456,0.6088706744852364,0.43906547197963636,0.4290527330060071,0.5166682038936328,0.5539517332468913,0.4964278639672691,0.44423837283068857,0.20851398774751806,0.48031899222351004,0.5157644482610498,163914.0,,,,
original,feature,remove_DOC,456,0.33537872123734286,0.15087836434186902,0.23982129104943722,0.6806590119616072,0.6627950162073358,0.24431260823109002,0.39625003580702034,0.022358985073260063,0.275108066054891,0.26107676008092473,163898.0,,,,
original,feature,remove_NH4-N,456,0.6221629968554979,0.08592418261087413,0.3895051788140777,0.5396923291293739,0.583236480740205,0.4623334427846172,0.38461550983385284,0.25068905011940645,0.37905404923442143,0.470833842098091,163914.0,,,,
original,feature,remove_Br,456,0.5975032840069743,0.36811982234485585,0.46463091663948014,0.4969975349089054,0.5417307240885654,0.5075409034902215,0.5570748204783353,0.16764021359302417,0.5200775752458107,0.570821070390009,163881.0,,,,
original,feature,baseline_all_features,789,0.8924639782082535,0.4808334502001392,0.3517202582796206,0.82146532686732,0.5053556766794001,0.4418647105481892,0.3751915414273068,0.040902538658901144,0.4173896239514817,0.48325287681222395,177466.0,,,,
original,feature,remove_Temp,789,0.8380985438910813,0.3281186317851206,0.2770920835437858,0.8674640073657125,0.547540416041272,0.3556337737624421,0.2686522690121598,0.03984974326900703,0.3132676199227665,0.4080570117525537,163914.0,,,,
original,feature,remove_pH,789,0.9044112705902352,0.28224839860012285,0.42457062876069573,0.8569110244175254,0.4809040076517169,0.5879779614444121,0.46220426268656534,-0.14108829202215034,0.5905589696344435,0.6232002420602074,163882.0,,,,
original,feature,remove_UVA254,789,0.39614023116420105,0.1402636565235992,0.02004787393915548,1.039850218716538,0.7347563968250729,0.1549619186098773,-0.07047943253310707,0.004894368089761958,-0.1157218899249397,0.12658440545418492,163914.0,,,,
original,feature,remove_Cl2,789,0.5589916563765431,0.3324268805651478,0.32096246999421574,0.852235977306294,0.6208219288100328,0.47253223209049877,0.37259465528843794,0.017378775908046706,0.4492042078711771,0.29310247881291795,150593.0,,,,
original,feature,remove_NO2-N,789,0.673335731917377,0.5055978904621222,0.331226198430432,0.8309899908171825,0.5444028363377678,0.5448105066042307,0.2624758185524715,0.046582111185976216,0.3920407989587592,0.41022175685072226,163914.0,,,,
original,feature,remove_DOC,789,0.36376940020619974,0.019736570891259665,0.06429847059542015,1.0282262491299066,0.7548895664764965,0.17688905988398462,0.07853530478432802,-0.02767902044540338,-0.048780264486484315,0.1425272732406766,163898.0,,,,
original,feature,remove_NH4-N,789,0.757826143017496,0.37784484664494833,0.31160965272961966,0.7698992623476534,0.5490668179712439,0.45298952425790284,0.22432834122602285,0.2111236357804932,0.26503202449387353,0.4045747378898059,163914.0,,,,
original,feature,remove_Br,789,0.9587883383124955,0.6007671334054291,0.41006322749607216,0.7638020876152645,0.4699782390061742,0.49021326342923033,0.4140126952657982,0.08983431101812989,0.5009273849536021,0.5553284828136003,163881.0,,,,
original,feature,baseline_all_features,1024,0.7115850975751976,0.14000993613843699,0.2512982958668299,0.6587378090803582,0.6701907958191938,0.33176454557738844,0.39750510685629414,-0.30590122519849294,0.41821838076821083,0.4149046713307486,177466.0,,,,
original,feature,remove_Temp,1024,0.46531582956169154,0.2646015053683356,0.24187431315274194,0.6832934590788607,0.6627838887248637,0.17090329609841315,0.3648632333190138,-0.07297356303791624,0.31795648394100384,0.4286221154431946,163914.0,,,,
original,feature,remove_pH,1024,0.6723009366012448,0.028792050906954202,0.252379988779619,0.662191251904541,0.6471682529888172,0.24880162497682812,0.39690770922835517,-0.2110361143470767,0.4006711946714747,0.42655552936851326,163882.0,,,,
original,feature,remove_UVA254,1024,0.8785136589596249,-0.12913626925948235,0.20354384651854945,0.720469608085275,0.6479946219797095,0.35379475063692245,0.30408090783411545,-0.23492499646762544,0.28831169269216983,0.30645687789716436,163914.0,,,,
original,feature,remove_Cl2,1024,0.6897824492699854,0.3522269534132984,0.33048916081571295,0.5844682609403815,0.5922392186570293,0.4530509977104993,0.48443065667065976,-0.23748387934256865,0.4981911778129492,0.4542568512270243,150593.0,,,,
original,feature,remove_NO2-N,1024,0.6500395638623522,0.20698774858726537,0.2837046349691327,0.6327556569508406,0.6795200344661005,0.22391835934023274,0.4690752299370946,-0.1317988025749528,0.4060628798943092,0.4512655082489788,163914.0,,,,
original,feature,remove_DOC,1024,0.13644111627023842,-0.017188288254000605,0.05461010217929689,0.8841505429131002,0.7420476726292933,0.05297838524040488,0.08441936908699288,-0.08862982680957021,0.08896935012039586,0.1353132332582606,163898.0,,,,
original,feature,remove_NH4-N,1024,0.6020464884749829,0.3127635481397422,0.2617972720716781,0.6505805389361167,0.6879371526651104,0.1836900148651286,0.47996985596729413,-0.16471377267742127,0.37662516640835386,0.43341509579503457,163914.0,,,,
original,feature,remove_Br,1024,0.666755891011444,0.10934324807490814,0.29416631813957667,0.6191566341467826,0.6438742047375678,0.3846868941194189,0.43909121851185084,-0.2569194944210722,0.4648480394214972,0.4391249330661885,163881.0,,,,
original,feature,baseline_all_features,2025,0.7961744985443046,0.2732036117597787,0.29796913982689804,0.29064035236103236,0.42526683593302816,0.39026742138463677,0.5031321414653189,-0.27831706127097844,0.42118506037554604,0.4535781371799673,177466.0,,,,
original,feature,remove_Temp,2025,0.7229230792705732,0.24239914892925857,0.08085869706283051,0.3765049431955076,0.5036762729617777,0.22565407705782925,0.32306724214154936,-0.4758049302870644,0.20603965068443542,0.1253374457174029,163914.0,,,,
original,feature,remove_pH,2025,0.7408656769446269,0.2574953689154739,0.1493518556353886,0.3551118847601171,0.4774022588759575,0.3845050977193014,0.5020879558274263,-0.7502271581443647,0.3150881348531268,0.29530524792145296,163882.0,,,,
original,feature,remove_UVA254,2025,0.685712064406721,0.32150586070656795,0.2240049133101901,0.313716449433061,0.4523424774417014,0.36864341841571113,0.24800530095184248,-0.07738946613517927,0.30806766100993066,0.27269765230864584,163914.0,,,,
original,feature,remove_Cl2,2025,0.7255700342736133,0.2674424075866756,0.2921842489362179,0.28877415982779103,0.4399369564492271,0.34311114440861423,0.4684779425527211,-0.04710221933673786,0.32607070669533467,0.3703636703611578,150593.0,,,,
original,feature,remove_NO2-N,2025,0.24485291745542748,0.06244629182953028,0.06539885752876085,0.3706114158016172,0.5085122666684011,0.2531650421229791,-0.0104740532818981,0.05329764438201967,0.020396784503281973,0.010608869917421937,163914.0,,,,
original,feature,remove_DOC,2025,0.9580501650999269,0.16598627666748245,-0.14989455042018623,0.4824581143704222,0.5189718381716685,0.11614628010084749,0.35522944219200014,-1.4601452206772998,0.11536902865750964,0.12392771762601174,163898.0,,,,
original,feature,remove_NH4-N,2025,0.9574530367379859,0.23445138897746562,0.019206020239052046,0.39602699519825285,0.46206525882876226,0.005534924236529459,0.17060769966572853,-0.20453491807587465,0.04071946121334069,0.08370293415553687,163914.0,,,,
original,feature,remove_Br,2025,0.7369588256335775,0.20504840020519116,0.1400624938781516,0.3554591142365986,0.483360507933296,0.29151536427838187,0.39785740118881907,-0.5549838796957609,0.2879924507183238,0.27793113290099436,163881.0,,,,
original,feature,baseline_all_features,3407,0.7840168395329311,0.25429871760773126,0.01929990783602966,1.1379150743809932,0.6876420025234926,0.08537845808144395,-0.08434615437658288,0.1267013725886159,0.004163813533297089,-0.035397950646625986,177466.0,,,,
original,feature,remove_Temp,3407,0.672817527545925,0.2989778260210651,0.05640487769596787,1.201957085060768,0.7114826723156279,0.08827725457592517,0.03017782612017439,-0.008879549714627677,0.0032162258281804856,0.16923263167018698,163914.0,,,,
original,feature,remove_pH,3407,0.7038900469263513,0.4127935966758233,0.18062581673810132,1.0912339399582685,0.6764689995718973,0.2872950966034049,0.1123407452791515,0.04797689916015779,0.19781476012322752,0.2577015825245649,163882.0,,,,
original,feature,remove_UVA254,3407,0.6897639443637548,0.06654877319851608,-0.23903715555617958,1.3807851947130103,0.7558998291224223,-0.05180609833333705,-0.41271594490732655,-0.0168830569112135,-0.42106833490699547,-0.29271234272202573,163914.0,,,,
original,feature,remove_Cl2,3407,0.6693245854292356,0.3820423274854843,0.34122581041932254,0.9817070694934422,0.6399494253013543,0.49517806676298726,0.30497433634940374,0.06907352493506691,0.3901386297843167,0.4467644942648381,150593.0,,,,
original,feature,remove_NO2-N,3407,0.7313279407832814,0.3051436324828517,0.07189264638894337,1.1947329584918092,0.7098025933128056,0.24450993824705114,-0.07434776806310373,-0.014436854634248597,0.07620648118214435,0.1275314352128739,163914.0,,,,
original,feature,remove_DOC,3407,0.5847782238846673,0.25038530973155215,-0.1340457360503433,1.3217527134251552,0.7898254559952427,-0.21280570537612897,-0.14765892315643248,-0.017017025174542955,-0.2456917073432805,-0.04705531920133166,163898.0,,,,
original,feature,remove_NH4-N,3407,0.558220549015196,0.2791607014484506,0.07707598449250999,1.2072766327865905,0.7277500449740668,0.2108999859799301,-0.0975630635622251,-0.0386356739322804,0.08539548334577063,0.22528319063135527,163914.0,,,,
original,feature,remove_Br,3407,0.7491150590814395,0.21827137849769568,0.16633231082932218,1.0271953327371575,0.6685456818909523,0.16162759887356437,0.06285641828581878,0.16410202450652023,0.17143107099991928,0.27164444148078803,163881.0,,,,
original,feature,baseline_all_features,5555,0.7908757294272736,0.6988675656755671,0.5779775200490175,0.47387212265242856,0.5190159555829492,0.6278158317383145,0.6250755048433463,0.2699751228359518,0.6951843267673146,0.6718368140601604,177466.0,,,,
original,feature,remove_Temp,5555,0.5419911894850482,0.683659648784692,0.5417588604918748,0.4967053512074687,0.5783918384932388,0.5848802171384438,0.6549067461395297,0.10257991723627402,0.7035553569981434,0.6628720649469841,163914.0,,,,
original,feature,remove_pH,5555,0.6356835929789332,0.6313400004146391,0.4877923447166957,0.5503162657382135,0.5803514943989938,0.56155288355593,0.6474104470648039,-0.04100880912766525,0.6374111643890303,0.6335960377013796,163882.0,,,,
original,feature,remove_UVA254,5555,0.5861495584736588,0.4710388269817171,0.5508973894092252,0.48640353676436765,0.5551142590439787,0.6006545030178385,0.6506005585148034,0.11450133814357544,0.7089331693997796,0.6797973779701293,163914.0,,,,
original,feature,remove_Cl2,5555,0.7073640436806821,0.643269790235272,0.5475474251629873,0.49436814108566524,0.5443232423857836,0.6022678161882222,0.6353060570686988,0.13283208905344823,0.6951256381323971,0.6722055253721704,150593.0,,,,
original,feature,remove_NO2-N,5555,0.7906600820756934,0.563323282105117,0.707693768946162,0.3121161969009859,0.4114633847822183,0.7283367082613225,0.7905471812817636,0.40088538482535463,0.8163695713869985,0.8023299989753712,163914.0,,,,
original,feature,remove_DOC,5555,0.5210854283640851,0.3505287798838731,0.443251749209975,0.6334826988192122,0.6631741141516615,0.4768498405025189,0.5637135411464392,0.10549214119680694,0.5275842685149214,0.5426189546891889,163898.0,,,,
original,feature,remove_NH4-N,5555,0.8123620369593988,0.6332540733407608,0.5014609960933022,0.5745850689575509,0.5651506966046118,0.4785116066150923,0.5609721798198344,0.2614746089977522,0.6054464705192766,0.600900114514556,163914.0,,,,
original,feature,remove_Br,5555,0.6560928279285757,0.6511063771431832,0.5385346148406376,0.5101024626572854,0.5433591260391697,0.538715894748058,0.6390288627193528,0.17392294198440783,0.6728295930189812,0.6681757817323886,163881.0,,,,
original,feature,baseline_all_features,7777,0.44420887907534523,0.2232177607998632,0.3316694681973341,0.9044363705078016,0.7195064884201214,0.305071928226451,0.27613442340780203,-0.014978673480218863,0.5177301954219904,0.5743894674106467,177466.0,,,,
original,feature,remove_Temp,7777,0.4096440457202203,0.10938540314191239,0.26886314047025345,1.0314111972041968,0.7387260096245949,0.22251131373965438,0.29555928580659785,0.09289986444713982,0.32918345943595884,0.40416177892191696,163914.0,,,,
original,feature,remove_pH,7777,0.4178152298546333,0.14814187425205666,0.2766156985294699,1.0149761676384954,0.7357774781049073,0.08838427538742277,0.3621972853014396,0.13657915787228636,0.37702444595988316,0.41889332812631763,163882.0,,,,
original,feature,remove_UVA254,7777,0.4053930483023582,0.14048481134215654,0.2603365098972687,1.064144405944356,0.7526821637802203,0.21905122506960228,0.2315560166958951,0.15153980628602937,0.3126144394287447,0.3869210620060721,163914.0,,,,
original,feature,remove_Cl2,7777,0.341281265140175,0.15298456176338912,0.2566396648668022,1.024171771882182,0.7631351044280794,0.12166056723885699,0.3484369375717288,0.015522793022402226,0.3385082791295313,0.4590697473714923,150593.0,,,,
original,feature,remove_NO2-N,7777,0.37569512996047677,0.20161227644001692,0.3618539935233381,0.8666403276586918,0.6796705920484432,0.31250616219951766,0.37485610691608773,0.06662116028203524,0.48185065439171826,0.5734358838273318,163914.0,,,,
original,feature,remove_DOC,7777,0.2705004688635232,0.002175583369041512,0.1240665820179766,1.282634157583847,0.8312947484653408,0.002088600631971027,0.12186955436530134,0.11898093598630566,0.15934353674003054,0.21805028236627466,163898.0,,,,
original,feature,remove_NH4-N,7777,0.38772122862672365,0.20332963662138637,0.34609381642394166,0.8870494481153152,0.7231245303440346,0.30525637287123397,0.3606475821638535,0.03683473954359229,0.4641261676604108,0.5636042198806179,163914.0,,,,
original,feature,remove_Br,7777,0.4219709289692002,0.18389025332634723,0.3150274723030358,0.9357731708359788,0.7248108314780112,0.12784768803736601,0.4541465469313569,0.09379654518677283,0.41134084918780256,0.4880057321718807,163881.0,,,,
original,feature,baseline_all_features,9999,0.8986184231044068,0.17442871103555785,0.44292206466165496,1.4044667900022552,0.6637608490330216,0.6077625017941215,0.4710251829569314,0.007656032451039185,0.5713047176524024,0.5568618884537802,177466.0,,,,
original,feature,remove_Temp,9999,0.917819551983157,0.22235288854044238,0.43365932280930314,1.3739340348102487,0.6637160342675663,0.6051113222501552,0.42293396108858017,0.05178753961901161,0.5291193842103277,0.5593444068784404,163914.0,,,,
original,feature,remove_pH,9999,0.8390279002842336,0.17298573933415543,0.36829900007219973,1.5603254362784642,0.7225337775954092,0.5628698362474235,0.3645997264369315,-0.0885700704491239,0.49964673281584493,0.5029487753099224,163882.0,,,,
original,feature,remove_UVA254,9999,0.3666741963668361,-0.15334992828693966,0.21227770278752933,1.8123150981204073,0.8085962838388406,0.2788593897090591,0.29546112220355425,-0.2153233968802335,0.3918509238422707,0.310540475062996,163914.0,,,,
original,feature,remove_Cl2,9999,0.8052636126409987,0.17128587827731132,0.35016099909350207,1.4960680687872665,0.771045749529048,0.4120030679147221,0.38721730745891203,-0.0038244694508966504,0.478492693793548,0.4769163957512247,150593.0,,,,
original,feature,remove_NO2-N,9999,0.4027802873998427,-0.12309999755265617,0.33920632030586423,1.6878799564015754,0.7378791777104711,0.448424759232119,0.5027098329315758,-0.2056802202383774,0.5321359226061355,0.4184413069978681,163914.0,,,,
original,feature,remove_DOC,9999,0.854497778270888,0.02877431455965993,0.3785449118851061,1.4844075489549902,0.7147227572011274,0.5304245847379045,0.3960173034466329,-0.01605193932706639,0.48337406334085664,0.4989605472272025,163898.0,,,,
original,feature,remove_NH4-N,9999,0.8063791927840033,0.037429703832999595,0.34453555302594185,1.4873903496171685,0.7154572712925915,0.5186278149530843,0.30891419366243433,0.016925957861136154,0.4062971271221748,0.47191267153087946,163914.0,,,,
original,feature,remove_Br,9999,0.8790949083608298,0.23699695540985513,0.38988973904609947,1.4353085616506083,0.7016658280103989,0.49197429724476494,0.4296203497281844,0.02494853604421421,0.49643616607388263,0.5064693461394513,163881.0,,,,
ontario,module,full,42,0.8869711820346718,0.5253698691916611,0.6878272375925243,0.2670143137992996,0.3588674631600237,,,,,,134985.0,0.7076359769890144,0.6600214102714944,0.7350278234759501,0.6486237396336382
ontario,module,no_attention,42,0.8805793883092237,0.617496421873326,0.686977214957804,0.26899311845847823,0.351507969227018,,,,,,126404.0,0.6907176257019239,0.6747947268657966,0.715785589622195,0.6666109176413002
ontario,module,no_chemistry,42,0.8918767551987017,0.6390681548525327,0.6963548819045986,0.2620132553465372,0.34912984691056853,,,,,,123737.0,0.6765603555546624,0.6858710716773841,0.7305861058780387,0.6924019945083091
ontario,module,no_interaction,42,0.8561369151758991,0.4887197673491973,0.6886957011695386,0.265983973045067,0.3558564575686394,,,,,,118601.0,0.7098526929414211,0.6674496378649566,0.7447707729330351,0.6327097009387415
ontario,module,no_grouping,42,0.9282788426787805,0.5952588635016858,0.6622010593493814,0.28830282981159894,0.36201026763639427,,,,,,81493.0,0.6952546699709466,0.6074189906825161,0.7154505149903808,0.6306800617536816
ontario,module,random_grouping,42,0.9118125841320303,0.498506849999319,0.6770976590156765,0.2779077689240512,0.355977806586664,,,,,,134985.0,0.6739309084488835,0.6407452170587928,0.7054447193058508,0.6882697912491789
ontario,module,no_hier_loss,42,0.8867051183892865,0.5272159114207781,0.6864480908937842,0.2681805346633399,0.36098130899708114,,,,,,134985.0,0.7056344716849687,0.6570428828303136,0.7361251230510215,0.6469898860088327
ontario,module,multitask_mlp,42,0.6144538973839658,0.31355295442915104,0.6536962207310901,0.29788092686242773,0.3893471140774761,,,,,,4932.0,0.627621201216979,0.6254507102817962,0.7424437653977154,0.61926920602787
ontario,module,full,123,0.838697667306715,0.2953937149200404,0.7140241631668336,0.22410312356692802,0.33585760456721436,,,,,,134985.0,0.7156651257021653,0.6737088556657236,0.8001260996087081,0.6665965716907374
ontario,module,no_attention,123,0.5553262292344578,0.34477593434060727,0.647442343483076,0.29033395894658853,0.36545524850769007,,,,,,126404.0,0.5836951153642849,0.6845979926356178,0.6717609410163027,0.6497153249160988
ontario,module,no_chemistry,123,0.844938178214666,0.29081177187931717,0.7207254506345778,0.21820574515560962,0.3272563493241244,,,,,,123737.0,0.7193299611655752,0.6863576469295788,0.8202475448047508,0.6569666496384066
ontario,module,no_interaction,123,0.5163997436650959,0.2581500250371911,0.5746355219835586,0.3331900150077215,0.42885298222284307,,,,,,118601.0,0.6145885955506775,0.6104854642931635,0.6049494103423472,0.4685186177480465
ontario,module,no_grouping,123,0.40889901977610765,0.07702231202668663,0.45845029373152557,0.4318831048864069,0.5281292207237266,,,,,,81493.0,0.44827964857847,0.41615085178344924,0.5318681599392667,0.4375025146249163
ontario,module,random_grouping,123,0.824475775525719,0.30648558815810933,0.7054810365076718,0.2303456819186726,0.33718948782416736,,,,,,134985.0,0.7054104487217161,0.6830976354740121,0.8014186955086843,0.6319973663262746
ontario,module,no_hier_loss,123,0.8361731742196985,0.26109811542526873,0.7238985398872648,0.21565673796122892,0.3292031735342025,,,,,,134985.0,0.7291751233952745,0.6805399935870268,0.8103298545759965,0.6755491879907618
ontario,module,multitask_mlp,123,0.3350676220252969,0.04678642006742445,0.34364540477110805,0.5156968903840791,0.5995675916218728,,,,,,4932.0,0.42998027227623103,0.25388387077047103,0.3382707603370162,0.3524467157007144
ontario,module,full,456,0.6610359630065104,0.6788265096869379,0.5857004887160726,0.8118041697598312,0.5953723449819373,,,,,,134985.0,0.5977310298187759,0.5806932133268778,0.621586650991903,0.542791060726734
ontario,module,no_attention,456,0.6593220331454577,0.6818705947433958,0.5858220021458087,0.8129695925749024,0.5967894122504682,,,,,,126404.0,0.6010183312313475,0.5710729426053337,0.6182401681021887,0.5529565666443649
ontario,module,no_chemistry,456,0.6744575469576871,0.6747956776084463,0.5741413202547856,0.8354406609860887,0.5944124543717837,,,,,,123737.0,0.6105617395134134,0.5422800024168992,0.6063923261285284,0.5373312129603013
ontario,module,no_interaction,456,0.7377277843928224,0.6637675549845014,0.6269152786712108,0.7297977101031374,0.5651960676353833,,,,,,118601.0,0.6441408572625205,0.619271852800158,0.6648859276132129,0.5793624770089518
ontario,module,no_grouping,456,0.683044208599453,0.6460762973135814,0.5656583632223471,0.8527938237381631,0.6145267525509495,,,,,,81493.0,0.5941217816957431,0.5471257155545532,0.5880278747796435,0.5333580808594482
ontario,module,random_grouping,456,0.6828224379468832,0.691479383545215,0.5795958386988705,0.8244348571378647,0.6079254632535186,,,,,,134985.0,0.5942517739225642,0.5724396561118253,0.6107488505805192,0.5409430741805736
ontario,module,no_hier_loss,456,0.6605914119826475,0.6798084452363553,0.5834657016979463,0.8162888984998405,0.5974087111103066,,,,,,134985.0,0.60315894651452,0.5891404942937508,0.5998813065184043,0.54168205946511
ontario,module,multitask_mlp,456,0.6008502394140429,0.6906853277405822,0.5354281013262849,0.9128063984031892,0.6460648673811455,,,,,,4932.0,0.5779012487794732,0.49978214586292036,0.5583763244451725,0.5056526862175736
ontario,module,full,789,0.5748134186990951,0.5400591147590514,0.6337647841395069,0.24996298711513026,0.36066569447481844,,,,,,134985.0,0.6777087278783118,0.602980661752063,0.7598005424466404,0.49456920448101194
ontario,module,no_attention,789,0.5466669327977227,0.5385434886447873,0.5773768090528373,0.2885415476191324,0.38589275962085345,,,,,,126404.0,0.6122064695074808,0.5460086928550549,0.711677493272738,0.43961458057607516
ontario,module,no_chemistry,789,0.5210417783290203,0.5184018954412223,0.5914491638413775,0.2794653242566739,0.41247683917545025,,,,,,123737.0,0.640691347084873,0.6526194034166596,0.607189363416391,0.4652965414475859
ontario,module,no_interaction,789,0.5416457880220964,0.5824443350077855,0.6120424620260536,0.26493625236845164,0.38199399816721813,,,,,,118601.0,0.6296824643636929,0.6064139449994674,0.6935422505699547,0.5185311881710999
ontario,module,no_grouping,789,0.5283683636423577,0.5154620446366025,0.5405545242075848,0.31231105700527173,0.406727466158127,,,,,,81493.0,0.5928276727077747,0.5631204939456765,0.5455852855669591,0.4606846446099283
ontario,module,random_grouping,789,0.4915659616478378,0.45894380119556943,0.517689615976917,0.331637934167642,0.4156466084352708,,,,,,134985.0,0.5482882436021079,0.5774611947171389,0.6149093656167646,0.33009965997165647
ontario,module,no_hier_loss,789,0.574924378644062,0.5348739856075131,0.6322113081144356,0.2503240347624225,0.3619732355383612,,,,,,134985.0,0.6911266278344809,0.5920476381749136,0.7514146301185144,0.49425633632983357
ontario,module,multitask_mlp,789,0.5304574510954478,0.5297495529581135,0.49094382455351115,0.3474278439816386,0.436714620083243,,,,,,4932.0,0.45073782489686687,0.5232383986152029,0.4920726787029711,0.4977263959990038
ontario,module,full,1024,0.6899284889481396,0.6067374867141155,0.4290262738485555,0.6835124897148799,0.563470980699005,,,,,,134985.0,0.42069730900171554,0.4510614086464738,0.4700106147643073,0.3743357629817258
ontario,module,no_attention,1024,0.68765662117981,0.60488289386599,0.42935171457428334,0.6841386231704104,0.5760898144441574,,,,,,126404.0,0.4435048534238496,0.43627389182158827,0.4533876730984384,0.38424043995325685
ontario,module,no_chemistry,1024,0.6950687458401565,0.586783600202431,0.44756758194184126,0.6621848087570127,0.5443852611841423,,,,,,123737.0,0.4636361379135979,0.500938671776754,0.4681193933807992,0.35757612469621414
ontario,module,no_interaction,1024,0.7142744206718481,0.5410932153505701,0.5130477206643163,0.583667653046925,0.5012782485373941,,,,,,118601.0,0.5216148175378065,0.5200154548557587,0.5486076951041488,0.46195291515955084
ontario,module,no_grouping,1024,0.6702101417792333,0.680732429393787,0.5244371728334551,0.5700879632007283,0.5144264778573913,,,,,,81493.0,0.5361054468758875,0.5398181392880175,0.5416675954541491,0.48015750971576676
ontario,module,random_grouping,1024,0.7203124167756366,0.580514887922465,0.48754395486225355,0.6126278108854982,0.5316789345416805,,,,,,134985.0,0.4624387260036976,0.5187498194452385,0.5170355667502061,0.45195170724987244
ontario,module,no_hier_loss,1024,0.6895876910122262,0.6086093242248193,0.4290795343722221,0.6834725094547573,0.5647197008277144,,,,,,134985.0,0.4214113488982807,0.4515965248705295,0.4685929200741721,0.37471734364590614
ontario,module,multitask_mlp,1024,0.7309295956494831,0.5839469339669017,0.5122135153783864,0.5849494254127661,0.5361972718212964,,,,,,4932.0,0.5291088656508915,0.5304388002933011,0.5325084883711737,0.4567979071981796
ontario,module,full,2025,0.5638171550262491,0.37664456545631086,0.5237926905140349,0.46640915965414426,0.5035928617240713,,,,,,134985.0,0.5459336385710634,0.4666193371759262,0.6229612977569696,0.45965648855218033
ontario,module,no_attention,2025,0.5232508708656062,0.3662003591537677,0.5405001813440682,0.44883813729988886,0.4907384520560767,,,,,,126404.0,0.5968742897895157,0.530335121396639,0.5765856928262214,0.45820562136389664
ontario,module,no_chemistry,2025,0.5369380269066333,0.3754354284669744,0.5289840532231923,0.464028367663355,0.4868327913867899,,,,,,123737.0,0.5179980119092991,0.6144533628893696,0.678416010272229,0.3050688278218714
ontario,module,no_interaction,2025,0.5680885469442997,0.4847292057259598,0.5373240587225774,0.4476541869351328,0.4770868128758995,,,,,,118601.0,0.6149149951496347,0.5215878467099095,0.6084712589397856,0.40432213409098017
ontario,module,no_grouping,2025,0.5158829607877709,0.37465570388208275,0.4831479805284571,0.5136717030442849,0.5369314352755464,,,,,,81493.0,0.5208156493189963,0.530556770824849,0.4146335943606152,0.4665859076093678
ontario,module,random_grouping,2025,0.55592086263217,0.39896939349714544,0.5467129477625841,0.4488929055497728,0.4784162815851397,,,,,,134985.0,0.5441964205258807,0.5716320454564292,0.6113418446853771,0.4596814803826492
ontario,module,no_hier_loss,2025,0.5640455458487839,0.3737680992625225,0.5196091270988736,0.46923008252632686,0.5055414695398348,,,,,,134985.0,0.5494894796533152,0.44512139172985177,0.6241454431224579,0.4596801938898698
ontario,module,multitask_mlp,2025,0.5586216275817787,0.39056703729925624,0.533155075385684,0.45451146278852705,0.49759454708222123,,,,,,4932.0,0.5734376788012628,0.6016584525461202,0.6583189145132129,0.2992052556821402
ontario,module,full,3407,0.7507261403795246,0.6765179431149473,0.5951497041875402,0.5148552274510702,0.4771949339820364,,,,,,134985.0,0.5856957513501478,0.6060927262680982,0.6261278194387547,0.56268251969316
ontario,module,no_attention,3407,0.6899063603620861,0.6674582262499045,0.544432908624451,0.5850576826587033,0.49914669582191024,,,,,,126404.0,0.5712113745515899,0.5376776846210469,0.5992658387762555,0.46957673654891197
ontario,module,no_chemistry,3407,0.7647206966138175,0.682596793879803,0.5883666928924658,0.5261760473642509,0.48605765480730584,,,,,,123737.0,0.5946214257539302,0.591034876825278,0.6386212592608429,0.5291892097298121
ontario,module,no_interaction,3407,0.7527329012302648,0.6542640874582706,0.6192803840888954,0.48685190853254434,0.46635206281942165,,,,,,118601.0,0.631082733066403,0.6297183081992836,0.6668766788275469,0.5494438162623487
ontario,module,no_grouping,3407,0.6416460019281021,0.6270646027987234,0.5663544510598062,0.554255511461154,0.5254078586730598,,,,,,81493.0,0.5747601185793603,0.5785033780748533,0.6321537765096485,0.4800005310753628
ontario,module,random_grouping,3407,0.6881805333993187,0.6680505478085725,0.601586978779425,0.5118737522061916,0.48634146532320954,,,,,,134985.0,0.6214124861329198,0.5860599012677676,0.6502272356194481,0.5486482920975649
ontario,module,no_hier_loss,3407,0.7512625859826652,0.6791057420437796,0.5958217994940007,0.5140880104939687,0.47748858183374676,,,,,,134985.0,0.5881171877726232,0.6078889431890617,0.6255137746980632,0.5617672923162551
ontario,module,multitask_mlp,3407,0.6441095425265813,0.6612044130875694,0.5113609261255639,0.6285689051054535,0.539944473961898,,,,,,4932.0,0.5620440914494489,0.5234884122224831,0.5638960154374472,0.39601518539287683
ontario,module,full,5555,0.7399641727960551,0.484711288964821,0.4586090392613622,0.39665467005797816,0.405177006320542,,,,,,134985.0,0.3869036027404128,0.5163453557128035,0.5135792731072877,0.41760792548494496
ontario,module,no_attention,5555,0.6143754991212436,0.5155733998302581,0.449676083208179,0.407795759750879,0.44536787289471463,,,,,,126404.0,0.49533024338705745,0.46607983967993905,0.48489903877510987,0.35239521099061
ontario,module,no_chemistry,5555,0.6222730292826555,0.46804970794331313,0.4250691007239833,0.42533262685382944,0.4400600861997134,,,,,,123737.0,0.524858595559593,0.48959580847295325,0.3677714732792853,0.31805052558410174
ontario,module,no_interaction,5555,0.7576126078602066,0.48663562702340424,0.4265188124002853,0.41924656902227714,0.39089854106077154,,,,,,118601.0,0.341799103930706,0.504848805283289,0.46442819165792426,0.3949991487292208
ontario,module,no_grouping,5555,0.6292033972219355,0.5091556959658916,0.48713501997840036,0.3772057785435571,0.4534913527511706,,,,,,81493.0,0.45434647313175924,0.5270087777461749,0.5152090055772576,0.4519758234584098
ontario,module,random_grouping,5555,0.6502229075179233,0.48180372846639363,0.4424214524358555,0.40812567449784487,0.4401019737677865,,,,,,134985.0,0.4008429256936219,0.530897608895061,0.5465987589689283,0.2913465161858104
ontario,module,no_hier_loss,5555,0.739759885342134,0.4841256501923458,0.45967899106722415,0.3956766258077532,0.4039869486633657,,,,,,134985.0,0.37867514770878774,0.5165052523697315,0.523106183256133,0.4204293809342443
ontario,module,multitask_mlp,5555,0.6092619867796518,0.40449157896468446,0.39377067716429837,0.4477229475164889,0.4858229770191041,,,,,,4932.0,0.3937618633831166,0.41859842111634604,0.42047575778275637,0.34224666637497403
ontario,module,full,7777,0.879916129916298,0.7818090624413739,0.6247405706210203,0.42769168643795785,0.4579034356083107,,,,,,134985.0,0.5982022726348434,0.6351692440777057,0.6377077709353857,0.6278829948361464
ontario,module,no_attention,7777,0.8929343089613082,0.8069202698882008,0.6249689945406556,0.4252822376329913,0.45989909239816196,,,,,,126404.0,0.6203558941364302,0.5975530058215831,0.6494857001283667,0.6324813780762422
ontario,module,no_chemistry,7777,0.9046810877990702,0.774750643389911,0.5918259533627186,0.463118872629422,0.46893475384631417,,,,,,123737.0,0.5909494088545104,0.5758615082884462,0.6009133520957384,0.5995795442121794
ontario,module,no_interaction,7777,0.9037358145529858,0.7350498091261672,0.5964356238224098,0.45755123006957715,0.4713491173460367,,,,,,118601.0,0.583520324130598,0.6024480197841415,0.6344476701307395,0.5653264812441599
ontario,module,no_grouping,7777,0.9034165794735978,0.7310049751839178,0.5512852418607541,0.507794161439906,0.4961089509200754,,,,,,81493.0,0.5571449750981583,0.5488293871571803,0.5746289021274642,0.5245377030602133
ontario,module,random_grouping,7777,0.9449311724389909,0.6865724700289768,0.6094306936237914,0.44075230345642435,0.466637520211045,,,,,,134985.0,0.626103583210404,0.5636499106660235,0.643211143842408,0.6047581367763304
ontario,module,no_hier_loss,7777,0.8804673002842436,0.7793472811481179,0.6229096420723601,0.4301792933993253,0.45735951385520096,,,,,,134985.0,0.5920744824327868,0.6396207710919013,0.6341268985071331,0.6258164162576192
ontario,module,multitask_mlp,7777,0.8815473566037204,0.6106003200176665,0.625437501452186,0.4248221157584936,0.47366643297212696,,,,,,4932.0,0.6108853439599495,0.6340284354306003,0.6619793196280088,0.5948569067901853
ontario,module,full,9999,0.5923546611985624,0.3185615686684087,0.47483669164925946,0.5591628039815038,0.5530974031900202,,,,,,134985.0,0.48817872426985365,0.4386616867893244,0.5167673084754549,0.45573904706240453
ontario,module,no_attention,9999,0.6023770419516158,0.3434223832737869,0.4515819474592643,0.5848437299946302,0.5482403313125244,,,,,,126404.0,0.46103312044996214,0.4517000475682752,0.49701007653592466,0.3965845452828949
ontario,module,no_chemistry,9999,0.6250298304629607,0.25104947715955916,0.4811000085633316,0.5533104646570222,0.5645291370507547,,,,,,123737.0,0.5107422104464661,0.4508633479524521,0.507497666437587,0.45529680941682105
ontario,module,no_interaction,9999,0.5708421724735101,0.3056602047950363,0.45911592773158494,0.576905195607133,0.5611981709533137,,,,,,118601.0,0.49323989641450094,0.39962303735614335,0.5067462212784601,0.4368545558772352
ontario,module,no_grouping,9999,0.572342865034191,0.232035983817835,0.4053728506681132,0.6354976861742644,0.5938294576026149,,,,,,81493.0,0.4872143625659854,0.3793725160049154,0.3739790610394581,0.3809254630620944
ontario,module,random_grouping,9999,0.5994308937027796,0.29841064376754545,0.4920171276216275,0.5403490519335267,0.5383654899952909,,,,,,134985.0,0.5001854157573893,0.4775814247328741,0.5119155583285442,0.4783861116677023
ontario,module,no_hier_loss,9999,0.5924168124731009,0.31888928676260075,0.4748646863654044,0.5591312459024383,0.5527329244605397,,,,,,134985.0,0.488076107468133,0.43873963691776163,0.5169578491614337,0.45568515191428915
ontario,module,multitask_mlp,9999,0.5805533284237385,0.21445268590950115,0.40003642043138943,0.6410589582596011,0.6151477184566615,,,,,,4932.0,0.45743246787083613,0.36229572651606756,0.42197725258816,0.35844023475049425
ontario,feature,baseline_all_features,42,0.8869711820346718,0.5253698691916611,0.6878272375925243,0.2670143137992996,0.3588674631600237,,,,,,134985.0,0.7076359769890144,0.6600214102714944,0.7350278234759501,0.6486237396336382
ontario,feature,remove_Temp,42,0.7036099466156149,0.4803933029874144,0.6387329151938897,0.3091321353700632,0.38812562517600074,,,,,,123737.0,0.6533039001943028,0.6509698069892943,0.7047938908319307,0.5458640627600313
ontario,feature,remove_pH,42,0.582293648344294,0.4107927859931493,0.6122034814745979,0.33132509188570586,0.4281269364397514,,,,,,123705.0,0.6538288432345045,0.5689339614690805,0.6487895548105729,0.5772615663842335
ontario,feature,remove_DOC,42,0.8099221232777772,0.4691976814774121,0.40035590614793654,0.5146159150070522,0.5018229492001448,,,,,,123696.0,0.4342148158215241,0.3886467745994242,0.42397045791751664,0.35459157625328075
ontario,feature,remove_Cl2,42,0.8828063300781627,0.7520041193567475,0.6972370483672266,0.2630764255246591,0.3455756640474408,,,,,,112728.0,0.6504511583525616,0.7121594668202738,0.7123326316984955,0.7140049365975751
ontario,feature,remove_NO2-N,42,0.8851673830754989,0.5951659902151794,0.7025373715706656,0.25515478075945797,0.34707454006039085,,,,,,123737.0,0.707139161324869,0.6797129054087294,0.7483695701459443,0.6749278494031199
ontario,feature,remove_NH4-N,42,0.8844415659338565,0.5814603959332861,0.7013729296511722,0.25617661673062264,0.3479481655588129,,,,,,123737.0,0.7042306836256513,0.6839507826733242,0.7501306566314013,0.6671795956743116
ontario,feature,remove_Br,42,0.8591560220697516,0.6176670396704969,0.6340820843579217,0.31277391950932953,0.38875299528178164,,,,,,123712.0,0.6673857065451076,0.585625491630658,0.676397711776527,0.6069194274793936
ontario,feature,baseline_all_features,123,0.838697667306715,0.2953937149200404,0.7140241631668336,0.22410312356692802,0.33585760456721436,,,,,,134985.0,0.7156651257021653,0.6737088556657236,0.8001260996087081,0.6665965716907374
ontario,feature,remove_Temp,123,0.792473077278875,0.4538597263131771,0.6914601042879959,0.24179778409538816,0.35730768914975997,,,,,,123737.0,0.703269884645721,0.6872149547363773,0.7549905985961244,0.6203649791737605
ontario,feature,remove_pH,123,0.5653004274292462,0.31105819040009064,0.6241969158265259,0.29764564092333795,0.3816724509436439,,,,,,123705.0,0.6673125179697231,0.5736153070213054,0.5991446906859635,0.6567151476291121
ontario,feature,remove_DOC,123,0.22191903877706132,0.06168107892787805,0.22728466543271336,0.6075690084498686,0.6312997797339894,,,,,,123696.0,0.2783823974070585,0.18000322189393492,0.31530765311383424,0.13544538931602557
ontario,feature,remove_Cl2,123,0.5297112200500415,0.33387238149619547,0.6042197824294142,0.32750138487244984,0.40780403615810423,,,,,,112728.0,0.5485403134267939,0.6864890026961847,0.5655457005716913,0.6163041130229875
ontario,feature,remove_NO2-N,123,0.5536507614480055,0.27099782649093584,0.6253143781673767,0.2969780699027479,0.3973564451133637,,,,,,123737.0,0.6535247046505531,0.6426101063193668,0.6175547786855407,0.5875679230140466
ontario,feature,remove_NH4-N,123,0.5603634656700479,0.2678472993879,0.6276927364735099,0.290829643633727,0.4012254999513617,,,,,,123737.0,0.6776852765959223,0.6306733177188919,0.6381962375703141,0.5642161140089115
ontario,feature,remove_Br,123,0.5319957435871994,0.30883399252442134,0.6010379284723846,0.3206614054110593,0.40960316498245636,,,,,,123712.0,0.6010311361231854,0.6054067752396384,0.5947723905762027,0.6029414119505123
ontario,feature,baseline_all_features,456,0.6610359630065104,0.6788265096869379,0.5857004887160726,0.8118041697598312,0.5953723449819373,,,,,,134985.0,0.5977310298187759,0.5806932133268778,0.621586650991903,0.542791060726734
ontario,feature,remove_Temp,456,0.7849228533131278,0.6890727503256113,0.6092804007997704,0.7596663434244935,0.6130311656463763,,,,,,123737.0,0.642180140202084,0.5972678386760192,0.671358078899731,0.5263155454212471
ontario,feature,remove_pH,456,0.5664003523067787,0.6085871177573368,0.5147398425765423,0.948740346195364,0.6849852104951742,,,,,,123705.0,0.4805642525841749,0.5573222463806002,0.5723140412207275,0.44875883012066653
ontario,feature,remove_DOC,456,0.3325241116956285,0.5415299755045663,0.3284931046093783,1.3197690657029053,0.8136079630881784,,,,,,123696.0,0.33249774705397006,0.3390176443432681,0.354676837765441,0.2877801892748346
ontario,feature,remove_Cl2,456,0.7234848403573648,0.6545344828593072,0.5995207722694422,0.7869973539890441,0.579619830911285,,,,,,112728.0,0.6087804781424023,0.5949872503740559,0.6198420678970209,0.5744732926642899
ontario,feature,remove_NO2-N,456,0.658249743652072,0.6765390108939158,0.5926928326615941,0.7981960235058376,0.585172655694646,,,,,,123737.0,0.592433493027769,0.5785477984866423,0.649320310155447,0.5504697289765176
ontario,feature,remove_NH4-N,456,0.6622211370426185,0.6791136844309713,0.5889358185087017,0.8053393402690818,0.5876214423583658,,,,,,123737.0,0.6084981309476655,0.5636340982336802,0.6384577026465563,0.5451533422069049
ontario,feature,remove_Br,456,0.6492691534948493,0.663483130064239,0.601659391863197,0.7810052597542082,0.5786970507096949,,,,,,123712.0,0.6179008037851392,0.5939751765786896,0.6308395749182314,0.5639220121707278
ontario,feature,baseline_all_features,789,0.5748134186990951,0.5400591147590514,0.6337647841395069,0.24996298711513026,0.36066569447481844,,,,,,134985.0,0.6777087278783118,0.602980661752063,0.7598005424466404,0.49456920448101194
ontario,feature,remove_Temp,789,0.47000034210681174,0.5133047102710577,0.5353534921982261,0.31820939522139735,0.4167938399323022,,,,,,123737.0,0.5459944802086363,0.5335073716529597,0.658249029146858,0.4036630877844496
ontario,feature,remove_pH,789,0.518489904722273,0.5743053091265826,0.5569732783406691,0.2997310982986565,0.4145570071824661,,,,,,123705.0,0.6041292827102864,0.4783631224893182,0.6585553167892777,0.4868453913737941
ontario,feature,remove_DOC,789,0.29751820923588546,0.2959634835211054,0.32119703001743977,0.4644214337775686,0.5430579232114476,,,,,,123696.0,0.333719511701266,0.37393284632503765,0.39178299246751325,0.1853527695759416
ontario,feature,remove_Cl2,789,0.5405867799295447,0.5206453880328463,0.5048337093880204,0.33966791352551495,0.4260312524263635,,,,,,112728.0,0.5933771264481558,0.5938415252570941,0.5566860623884877,0.27543012345834406
ontario,feature,remove_NO2-N,789,0.5367548062337756,0.5581864378676823,0.6002123899314058,0.27403492947977354,0.3844662372479702,,,,,,123737.0,0.5920697923614868,0.645925303600217,0.63204285924753,0.5308116045163895
ontario,feature,remove_NH4-N,789,0.6551706906941489,0.5698085507454622,0.6308807193474666,0.24998317634782746,0.3480232094304445,,,,,,123737.0,0.6931278803362121,0.610417758196145,0.6672521381120144,0.5527251007454947
ontario,feature,remove_Br,789,0.5493572522272046,0.5532698248651617,0.606979973528827,0.27038588278796305,0.3806487367730819,,,,,,123712.0,0.590562806697313,0.6292797681490119,0.7121265575223568,0.49595076174662667
ontario,feature,baseline_all_features,1024,0.6899284889481396,0.6067374867141155,0.4290262738485555,0.6835124897148799,0.563470980699005,,,,,,134985.0,0.42069730900171554,0.4510614086464738,0.4700106147643073,0.3743357629817258
ontario,feature,remove_Temp,1024,0.6820046420643178,0.6060557245996757,0.42324433577987775,0.6904595260749077,0.5701012417254121,,,,,,123737.0,0.42213471533289326,0.4990700836606179,0.4390573424985106,0.33271520162748924
ontario,feature,remove_pH,1024,0.6933958041021447,0.5976452252915887,0.49825904966000467,0.6011674931200529,0.5497126342107376,,,,,,123705.0,0.5040302708490674,0.5179480023226899,0.5156670464518575,0.4553908790164042
ontario,feature,remove_DOC,1024,0.42591771796277145,0.4724370530933522,0.24144059344994606,0.911090483846994,0.6917318180344398,,,,,,123696.0,0.2968626783824173,0.24184849125928132,0.29237431961496585,0.13467688454311955
ontario,feature,remove_Cl2,1024,0.7806024112822059,0.6809679749173618,0.6203220900942932,0.454216519210758,0.45995807545387074,,,,,,112728.0,0.6091840218568081,0.640705396139323,0.6337053340622131,0.5976936083188283
ontario,feature,remove_NO2-N,1024,0.6979297704959622,0.6195264378099637,0.4736567811809781,0.6303739473410783,0.5261475243348095,,,,,,123737.0,0.4760141332685367,0.5167531992402625,0.48781015469454614,0.4140496375205668
ontario,feature,remove_NH4-N,1024,0.7126061399893789,0.610380364056194,0.4863289401082014,0.6151390202506799,0.5202543839920071,,,,,,123737.0,0.4871436739524161,0.5280797201046997,0.5028872939736253,0.4272050724020646
ontario,feature,remove_Br,1024,0.6645745096651199,0.6004239111980478,0.4591123622881894,0.6483945030136746,0.5555358692480046,,,,,,123712.0,0.47439219402531996,0.4979276871371997,0.4826730375163518,0.38145653047388595
ontario,feature,baseline_all_features,2025,0.5638171550262491,0.37664456545631086,0.5237926905140349,0.46640915965414426,0.5035928617240713,,,,,,134985.0,0.5459336385710634,0.4666193371759262,0.6229612977569696,0.45965648855218033
ontario,feature,remove_Temp,2025,0.5410786380869873,0.3893808326328145,0.5407846285820481,0.45696506213979016,0.46691433788101977,,,,,,123737.0,0.4933286350018731,0.6180870677916752,0.6859003440690326,0.36582246746561176
ontario,feature,remove_pH,2025,0.5282702271126175,0.41158843128375383,0.46646530753092547,0.5164083632169705,0.5095629530034925,,,,,,123705.0,0.5844006033001015,0.5026654313536916,0.4779635409311581,0.3008316545387507
ontario,feature,remove_DOC,2025,0.25007835298071557,0.12882961694506817,0.2679178174202052,0.7226708082099113,0.6764210952467092,,,,,,123696.0,0.2819902053804564,0.2971783725954972,0.37174754034687985,0.12075515135798665
ontario,feature,remove_Cl2,2025,0.5125551819447518,0.3206116149007568,0.476916403998048,0.5124380391117895,0.5557235187321232,,,,,,112728.0,0.5218454367703957,0.5082593762970307,0.5437520893377827,0.3338087135869835
ontario,feature,remove_NO2-N,2025,0.5503521207683202,0.3941136682180154,0.5440151081391637,0.4596103641111586,0.4590898425361387,,,,,,123737.0,0.4584789195835969,0.6207161337102471,0.6654753755109959,0.4313900037518148
ontario,feature,remove_NH4-N,2025,0.553037624761769,0.39132079396623876,0.546614950018095,0.45518895487914646,0.45435707177178747,,,,,,123737.0,0.4722713251982045,0.6277914274620284,0.6779876702028416,0.4084093772093056
ontario,feature,remove_Br,2025,0.5423371965768271,0.38955088158587625,0.5342611870647086,0.45032342596040864,0.5087160751379236,,,,,,123712.0,0.6067333636849077,0.47486031044636134,0.6201598251875025,0.435291248940063
ontario,feature,baseline_all_features,3407,0.7507261403795246,0.6765179431149473,0.5951497041875402,0.5148552274510702,0.4771949339820364,,,,,,134985.0,0.5856957513501478,0.6060927262680982,0.6261278194387547,0.56268251969316
ontario,feature,remove_Temp,3407,0.6444250715156954,0.6050957273206207,0.6020979224035173,0.5064080278084512,0.49318474588677896,,,,,,123737.0,0.5912576356627466,0.6129048439214959,0.655325516767699,0.5489036932621281
ontario,feature,remove_pH,3407,0.7287011351127967,0.6813424703768739,0.5729723417389756,0.5424152519478767,0.4930824625673614,,,,,,123705.0,0.5488485549187134,0.5695014495199536,0.6044691384328771,0.5690702240843578
ontario,feature,remove_DOC,3407,0.5276287775765977,0.5026328411204484,0.20599824141289544,1.0231226079025413,0.6918406548647247,,,,,,123696.0,0.3138490246473077,0.22816535506691737,0.2562257041368653,0.02575288180049229
ontario,feature,remove_Cl2,3407,0.7601451406999563,0.68843599573155,0.636738738182933,0.4615939096993583,0.46943297751707025,,,,,,112728.0,0.6214575231075506,0.6465460270546013,0.679317860823437,0.5996335417461431
ontario,feature,remove_NO2-N,3407,0.7694264337041522,0.6925657066562447,0.5420566064256078,0.5806368960924183,0.49927784022115124,,,,,,123737.0,0.5116742547112292,0.5535187789431548,0.5908143916661706,0.5122190003818765
ontario,feature,remove_NH4-N,3407,0.7433835248456976,0.6630764847823868,0.5774786730006232,0.5390249284026929,0.49179254702828945,,,,,,123737.0,0.5734781828269555,0.5755940994849049,0.6199624425339011,0.5408799671567317
ontario,feature,remove_Br,3407,0.7421104994710352,0.675990812983495,0.5883848841658347,0.5235225133759365,0.47986097258053584,,,,,,123712.0,0.5740516744193294,0.5975077548674884,0.6383151119926457,0.5436649953838754
ontario,feature,baseline_all_features,5555,0.7399641727960551,0.484711288964821,0.4586090392613622,0.39665467005797816,0.405177006320542,,,,,,134985.0,0.3869036027404128,0.5163453557128035,0.5135792731072877,0.41760792548494496
ontario,feature,remove_Temp,5555,0.5754886499669036,0.506724120448955,0.4599569156702763,0.40274540538555137,0.4541892624958469,,,,,,123737.0,0.4996941018109904,0.41031706504629506,0.5181861434578634,0.4116303523659566
ontario,feature,remove_pH,5555,0.572768024239414,0.5496173035533001,0.4503662273930146,0.4084728941374919,0.47562742391500973,,,,,,123705.0,0.46698850178011064,0.4203995018152137,0.4809387956079417,0.43313811036879235
ontario,feature,remove_DOC,5555,0.44407298265300743,0.44265976263169704,0.10368503483540406,0.6625674035939606,0.6118129975354449,,,,,,123696.0,0.1432717639189639,0.14886644447503794,0.10976134104594171,0.012840589901671806
ontario,feature,remove_Cl2,5555,0.6269199061867633,0.4830577661280532,0.4364315415473213,0.41404351188770305,0.44669119016116754,,,,,,112728.0,0.408598122432012,0.4967559197930662,0.5450536150106843,0.29531850895352285
ontario,feature,remove_NO2-N,5555,0.5860940679393197,0.4736111777742132,0.40059433479964257,0.4451940376904221,0.48182078464014677,,,,,,123737.0,0.4525199945774395,0.3944585201798585,0.4197172987213683,0.3356815257199035
ontario,feature,remove_NH4-N,5555,0.5735990665151958,0.4788246530429855,0.4169395293392485,0.4341897861475326,0.46269175327320017,,,,,,123737.0,0.46984258571313864,0.3845873771001096,0.43693264043212376,0.37639551411162187
ontario,feature,remove_Br,5555,0.6190582763066523,0.5205634582402573,0.4192763875273463,0.4267094670647318,0.4574784560666683,,,,,,123712.0,0.31811313673382446,0.4362962112107176,0.4478852528851155,0.47481094927972733
ontario,feature,baseline_all_features,7777,0.879916129916298,0.7818090624413739,0.6247405706210203,0.42769168643795785,0.4579034356083107,,,,,,134985.0,0.5982022726348434,0.6351692440777057,0.6377077709353857,0.6278829948361464
ontario,feature,remove_Temp,7777,0.7574763515916383,0.484558732890071,0.670003301553786,0.37449600201128563,0.4433555188204037,,,,,,123737.0,0.6372511621092085,0.7081544023128308,0.7331260364468559,0.6014816053462488
ontario,feature,remove_pH,7777,0.46997619745029795,0.4168326793204429,0.47267616270069324,0.6009656691651963,0.5499325216797541,,,,,,123705.0,0.4599147158499174,0.49344883219327107,0.4383406061452305,0.49900049661435375
ontario,feature,remove_DOC,7777,0.7774219402531021,0.5683483453644671,0.3013764535658474,0.7892103785235871,0.6769683554670638,,,,,,123696.0,0.3388548795201948,0.30937186626049684,0.30769001520520156,0.24958905327749625
ontario,feature,remove_Cl2,7777,0.843426249307593,0.8414083610602203,0.6624801529179422,0.3852650719371192,0.44489339901646097,,,,,,112728.0,0.6154179782277045,0.6862250261447478,0.7067730006488284,0.6415046066504879
ontario,feature,remove_NO2-N,7777,0.8564000994071637,0.7857627765272344,0.6553152752946652,0.3948159812069763,0.4539308249025286,,,,,,123737.0,0.592512930935081,0.6907159584213195,0.6974472250023505,0.6405849868199095
ontario,feature,remove_NH4-N,7777,0.922676226823349,0.7517908521278914,0.6266805771525774,0.4243495401036126,0.45485354794024524,,,,,,123737.0,0.6196222267488225,0.5968127236410607,0.6332468929057113,0.6570404653147146
ontario,feature,remove_Br,7777,0.8653279794925799,0.7501825460886398,0.6205553030781943,0.4351752230894669,0.4694179984296158,,,,,,123712.0,0.5598098322319154,0.6530321232041882,0.6376979111261624,0.6316813457505109
ontario,feature,baseline_all_features,9999,0.5923546611985624,0.3185615686684087,0.47483669164925946,0.5591628039815038,0.5530974031900202,,,,,,134985.0,0.48817872426985365,0.4386616867893244,0.5167673084754549,0.45573904706240453
ontario,feature,remove_Temp,9999,0.604593298325378,0.21726672019485319,0.4548372868545467,0.5802721156360411,0.581094363137694,,,,,,123737.0,0.45261198484251697,0.4607041848564557,0.48958373060811955,0.4164492471110943
ontario,feature,remove_pH,9999,0.5769679532281685,0.34810757045496254,0.392010684379748,0.6493587698038414,0.6037962643704593,,,,,,123705.0,0.44587645008102195,0.35951526863719996,0.41083178382181207,0.35181923497895784
ontario,feature,remove_DOC,9999,0.6635017542481595,0.37728969947390345,0.2176176390291631,0.8305700805627784,0.6248264639644903,,,,,,123696.0,0.24074358467030899,0.14652654776541907,0.2249826028633718,0.2582178208175525
ontario,feature,remove_Cl2,9999,0.5933783920064645,0.2932491691276051,0.5078577647488363,0.5224834671240205,0.51209278723539,,,,,,112728.0,0.5062473050395702,0.4963614986422422,0.5174801771388564,0.5113420781746765
ontario,feature,remove_NO2-N,9999,0.5969189958714324,0.26609955303976657,0.4665012935076144,0.5661435942132077,0.5689297431942032,,,,,,123737.0,0.46502841741699963,0.40345768010967886,0.5106222291483979,0.4868968473553811
ontario,feature,remove_NH4-N,9999,0.5966424106277012,0.2674556536948801,0.4642292732256509,0.5688117847609753,0.5729263193324752,,,,,,123737.0,0.46985132245855665,0.39310907316697485,0.5077812235813555,0.48617547369571645
ontario,feature,remove_Br,9999,0.5926791160831255,0.2825057368721636,0.4250379221568167,0.6115560188319485,0.582226479886749,,,,,,123712.0,0.4535606572416475,0.37311682940203283,0.4382505479690315,0.43522365401455476
original,minimal_sensors,explainable_minimal,42,0.5094373890331736,0.43465064527139663,-0.023975480064902466,0.5946020747122656,0.5609107546138915,-0.10328218467282024,0.030121339348280873,0.07862884977894735,-0.10267212379080037,-0.022673280988120714,100015.0,,,,
original,minimal_sensors,svr_minimal,42,0.5615306688156452,0.16492796425500458,-0.0764841213006368,0.6111816212904089,0.5610382322390739,-0.07255643355730323,-0.18818488642097075,0.07587505578443754,-0.11268225253529063,-0.08487208977405714,,,,,
original,minimal_sensors,explainable_minimal,123,0.5556979074581744,0.43333472365744646,0.17766944135570317,0.5085469563772393,0.5543203950529049,0.12671167142131912,0.19581816151103237,0.08670218789099393,0.2072380759530107,0.27187711000215964,100015.0,,,,
original,minimal_sensors,svr_minimal,123,0.5747181731806181,0.493701270556025,0.15977856319617173,0.5198632824010753,0.5697643412970441,0.1300104378248803,0.19111268320979147,0.07316529502001656,0.17515435745373364,0.22945004247243617,,,,,
original,minimal_sensors,explainable_minimal,456,0.49100136679266776,0.40202954860988466,0.27124062266741406,0.6484143183099729,0.6269371875170131,0.2857302982449772,0.3618828531425041,0.0872249768873703,0.27433864463108004,0.347026340431138,100015.0,,,,
original,minimal_sensors,svr_minimal,456,0.5514603615410799,0.2462763677903724,0.11663425247790984,0.7669284763872859,0.6662759301942728,0.1979126294238439,0.01751517928985502,0.020780237142278835,0.150721102616154,0.1962421139174173,,,,,
original,minimal_sensors,explainable_minimal,789,0.45868929999227587,0.33655674539352937,0.09011598370669671,0.9881450835427146,0.6836349952067551,0.18104146404099586,0.03522506462999986,0.02619881214552222,0.03911267540183283,0.1690019023151329,100015.0,,,,
original,minimal_sensors,svr_minimal,789,0.5005345211591369,0.02593204795295061,-0.18391522078722214,1.1487526104859334,0.7380263879620611,-0.008730979813685646,-0.5110446450990442,0.039009288040575796,-0.27968808427651015,-0.15912168278744576,,,,,
original,minimal_sensors,explainable_minimal,1024,0.3554240848974753,0.389118429706815,0.264457429223805,0.6551901782176731,0.6588187895613313,0.25655685974533426,0.4397242332006329,-0.13984255371041598,0.36950568359049696,0.39634292329297616,100015.0,,,,
original,minimal_sensors,svr_minimal,1024,0.4097426932095255,0.23119112164953548,0.37547628933812427,0.5627646447893072,0.5628773590055098,0.3986395866880268,0.47548456637798064,0.06832666135428045,0.45423074203220726,0.48069989023812587,,,,,
original,minimal_sensors,explainable_minimal,2025,0.5937908715644206,-0.1543406730677672,0.05277324614577592,0.3825070229722009,0.4833859640133789,0.00588686926826909,0.2507598925100789,-0.1361225643528492,0.04523139489365968,0.09811063840972178,100015.0,,,,
original,minimal_sensors,svr_minimal,2025,0.5260642740236872,-0.43250116410319794,0.161211626381709,0.33939358075932735,0.45595750575155003,-0.061280666036694464,0.34448643221062725,0.06097008326153719,0.19740266707739718,0.264479615395678,,,,,
original,minimal_sensors,explainable_minimal,3407,0.5430579205296974,0.39896715424489215,0.1000691262994819,1.1257741351828812,0.7208042190865495,0.09319980964843622,0.07871033804139849,0.07095145848695417,0.05495203719249331,0.20253198812812767,100015.0,,,,
original,minimal_sensors,svr_minimal,3407,0.5294107475389567,0.20586289058599677,-0.11683689483884056,1.2761481079551775,0.7600952060004573,-0.15324974385777912,-0.22063867219327227,0.03804468949265116,-0.18252889029834662,-0.06581185733745576,,,,,
original,minimal_sensors,explainable_minimal,5555,0.5126761736021953,0.27086598537741813,0.45486124105258874,0.5956815637345987,0.6473992163075477,0.48263448118551555,0.6165663518300853,-0.026724699087638637,0.5948342680569956,0.6069958032779861,100015.0,,,,
original,minimal_sensors,svr_minimal,5555,0.3718500141213078,0.08689488487881263,0.45281813988183633,0.6203251920963877,0.640493368830253,0.44303227812897017,0.6041343546264517,0.12428514645996402,0.5472077170015671,0.5454312031922288,,,,,
original,minimal_sensors,explainable_minimal,7777,0.36951053622320973,0.2425857308194724,0.3121035946988688,0.9185017764782089,0.7426312972980779,0.24143872898182717,0.42728383913389634,-0.034163224921144764,0.4572001353510301,0.46875849494873545,100015.0,,,,
original,minimal_sensors,svr_minimal,7777,0.2919195205605391,0.06064586732158619,0.11128641387685607,1.288220345428552,0.8348271422993607,0.08864657933113029,0.05212367300334164,0.0017012310617517956,0.11483798610477214,0.29912259988328516,,,,,
original,minimal_sensors,explainable_minimal,9999,0.23077914862424925,-0.1876979231574647,0.19224617425512755,1.8571562798597374,0.802191578145341,0.32744597072607895,0.24509247675873114,-0.24415136333104082,0.21598337912675114,0.4168604079951175,100015.0,,,,
original,minimal_sensors,svr_minimal,9999,0.6942707515197661,-0.5605904913763109,0.38174447035175263,1.406125665118068,0.7394631410330248,0.3444931276354253,0.4300769693383606,0.059420906424550224,0.523659240086578,0.5510721082738483,,,,,
