Dataset,Seed,Model,Train R2,Val R2,Test R2,Test MSE,Test MAE,Test R2 DCAA (mg/L),Test R2 TCAA (ug/L),Test R2 BCAA(mg/L),Test R2 HAA5 (ug/L),Test R2 HAA9 (ug/L),Params
original,42,Linear Regression,0.6438624456550621,-0.7565801243213897,-0.3081399311210512,0.783623843843856,0.735655901373842,-0.06692278082717729,-0.5781272686712251,-0.6951326402194977,-0.16937147209680625,-0.031145493790549983,
original,42,Ridge Regression,0.6020267258209488,-0.07676657535763845,0.022080204020025706,0.5805966435803767,0.6321299032963887,0.02484929677463732,-0.02820021948494511,-0.07566852732248552,0.06452514052576053,0.12489532960716043,
original,42,Lasso Regression,0.6418213139410733,-0.5490269154187765,-0.21942738472061335,0.7271821788752717,0.7092276185151345,-0.05427559841059737,-0.4462249832466516,-0.507251634728489,-0.09497357436921217,0.0055888671518827815,
original,42,Elastic Net,0.621986398400465,-0.16355715196314335,-0.05298291976148548,0.6217708621742819,0.6567162152949884,-0.013964654278941113,-0.15301584144265568,-0.1577596389364413,-0.011216223710004192,0.07104175956061487,
original,42,Random Forest,0.9009523470777439,0.14472894475273776,0.2130211672298207,0.5022500723933936,0.5241792250803226,0.1393656054428083,0.3702957493799297,-0.11394087153398424,0.3151102382005454,0.3542751146598041,
original,42,Extra Trees,0.9664472324682011,0.35820243166077204,0.17871457489671466,0.4901926122969438,0.5338665329983197,0.1577337613870181,0.19347716419622307,0.10184499872668407,0.23282574298655745,0.20769120718709033,
original,42,Gradient Boosting,0.9985233587650203,0.08308210081787064,0.15016373104664626,0.5870428788113855,0.46904626677449207,0.27824240754390883,0.4081521325270765,-0.7329847135775935,0.36564520212394025,0.43176362661589907,
original,42,Support Vector Regression,0.7807873398523174,0.46098159958226476,0.28555202001126084,0.42931451496481293,0.45590252720696994,0.3491170315374992,0.2567194018248361,0.1332854866926766,0.3448376584893369,0.3438005215119554,
original,42,K-Nearest Neighbors,1.0,0.06509122569751072,0.10047897799301113,0.5163286573426291,0.5676505261899745,0.1362999813951017,0.011815651588244491,0.15564956109197237,0.08308053611124344,0.11554915977849334,
original,42,Decision Tree,1.0,-1.0071563557464907,-0.7155187614591044,1.1512331434732963,0.6372583911196543,-0.0748919578405367,-0.5740846689413073,-2.468720735679343,-0.11979185340635157,-0.3401045914279852,
original,42,XGBoost,0.9993310745784975,-1.2851551288012963,0.1944151469517069,0.5104776095358737,0.5104435162615328,0.06026488958790932,0.4181901498269375,-0.053244494117715924,0.2817566414001301,0.2651085480612734,
original,42,LightGBM,0.9419091566403364,-0.15451265730762503,-0.048688882949573874,0.6141485926464358,0.5442617880373251,-0.16734491649121153,-0.13325683900841034,-0.008677273399857466,0.05140094818023655,0.014433665971373077,
original,42,CatBoost,0.9993888583567008,0.32614164807822776,0.22318159574048382,0.4720728035208127,0.4823341961650727,0.0897425636078455,0.3030193229177306,0.14637059262207708,0.27192412902396745,0.304851370530798,
original,42,Support Vector Regression+chem,0.8137294108323939,0.01333383822926737,0.255806577306784,0.44058591981490763,0.4884864244243315,0.3355154711573384,0.18874955276962513,0.14452865585083408,0.30461822035468267,0.30562098640143964,
original,42,Random Forest+chem,0.9084151243938818,0.1509220281152412,0.2133459364248184,0.4978307256707968,0.5226341658106614,0.12695799777392458,0.35571651526158476,-0.06889598953760823,0.31026417490130553,0.34268698372488504,
original,42,Ridge Regression+chem,0.6121409319905939,-0.18877988606522328,0.01493191902168416,0.5863173967603438,0.6340659815984339,0.01781700143131537,-0.020667423486974812,-0.09406488466772789,0.05425596787735698,0.11731893395445148,
original,42,TabNet,0.8964499475661183,-0.1829836295883443,-0.49988682249330996,0.8103203862566737,0.6675437995446345,-0.37132102959466873,-0.9495109610080417,-0.0347562862045967,-0.6698570320665569,-0.47398880359268625,6200.0
original,42,Multi-task MLP,0.8226778380586388,0.40267155243028807,0.2675676111181768,0.4457337650753635,0.46010843695599285,0.2533021547612464,0.2772792926848534,0.11169367611600256,0.3649557658720024,0.3306071661567792,5061.0
original,42,Explainable Model,0.3843667303173096,0.35125419049714257,0.04832841073854577,0.5620146822485828,0.5951944766697161,0.0359438440914569,0.17129507496410812,0.03913866332719973,-0.011469156691495064,0.006733628001459047,177466.0
original,42,KAN Model,0.7582575068548942,0.18774081143234492,-1.3218533482233124,1.2130235251442716,0.7152457260379983,-0.9516943977140997,-2.0570032911852105,-0.28176924250081137,-1.5161800872563607,-1.8026197224600797,546.0
original,123,Linear Regression,0.6093529085822726,-0.8702131845602743,-0.05949191658782793,0.6546957815259725,0.6207322743463444,-0.13296489843451464,0.03929708790233899,-0.1428149690479792,-0.04067796577665117,-0.020298837582334084,
original,123,Ridge Regression,0.5663603956739486,0.3352773190337638,0.15193887384732924,0.5248394665334077,0.5518590460331039,0.12422182919962788,0.23910862022711576,-0.0054738389303727875,0.18903776221155766,0.21279999652871795,
original,123,Lasso Regression,0.5213740063267587,0.35410147375317413,0.23138409921272546,0.4759668773614861,0.5269270440541325,0.2137870655884534,0.3122842073120691,0.023108276961250063,0.28136679728921077,0.3263741489126438,
original,123,Elastic Net,0.5428235109454158,0.3294266451068973,0.23343007673085606,0.47461710911669874,0.5310675441822899,0.2105434948097442,0.3121528944461044,0.03768649904347898,0.2844814941546676,0.3222860012002847,
original,123,Random Forest,0.9117814585286279,0.32476913095876025,0.1445558875021346,0.5278396370014866,0.5439306203680758,0.032839025113230336,0.26034450837639167,-0.0051224745051630105,0.19454345197144052,0.24017492655477368,
original,123,Extra Trees,0.9999959385345475,0.37277825088767347,0.21108708441734397,0.4866451998097416,0.50755783140035,0.11161927819819795,0.288021269722636,0.15123453849003332,0.22836092093867277,0.2761994147371799,
original,123,Gradient Boosting,0.9999821284479392,0.33934401320247015,0.04179863178380474,0.5875978449322254,0.5495757766395328,-0.22693510132318306,0.17078718670838666,0.2581593956642675,0.006772847038294283,0.0002088308312582221,
original,123,Support Vector Regression,0.7408537595276543,0.48206480662700235,0.3714323353896577,0.3915672468718564,0.46396032675878357,0.4548946392758867,0.3999318821786543,0.11955828020934389,0.4449640678519946,0.4378128074324089,
original,123,K-Nearest Neighbors,1.0,0.3376887867109806,-0.08994402487702109,0.6725855476479929,0.5826893424464586,-0.19500233467052275,-0.0826443778809054,0.06559887879662085,-0.13152367431385525,-0.10614861631644357,
original,123,Decision Tree,0.8703822498890043,-0.008536686287779528,-0.40581828548524673,0.8433618801149017,0.7001730594113849,-1.892736614363086,0.12942763643207345,-0.21672725192546705,-0.12614933721023824,0.0770941396404825,
original,123,XGBoost,0.9996478882279227,0.290750015925159,-0.11997387589511024,0.6836809150715815,0.6070545321968835,-0.6074800715036393,0.16889402212167914,0.06776521479374942,-0.10318698058782716,-0.12586156429951356,
original,123,LightGBM,0.9781648252762111,0.5206677092652701,-0.448425162603983,0.8899152379824986,0.674472916144379,-0.7758573602526639,-0.3611604740034191,-0.09800604224209852,-0.510761641097601,-0.49634029542413294,
original,123,CatBoost,0.9997836313716999,0.40393265798931954,0.068005788323943,0.5720549639850779,0.5302489573776039,-0.19091066439006998,0.10891162609129612,0.2607774187198726,0.06154400516966951,0.09970655602894651,
original,123,Support Vector Regression+chem,0.7635066143047121,0.44459634064111286,0.3361188912433165,0.4124376304485722,0.48945377289474035,0.3858967122330542,0.3907391583991381,0.1391416035572317,0.3815469494840198,0.3832700325431385,
original,123,Random Forest+chem,0.9118489121391278,0.29925304879042147,0.14347199866044869,0.5291520919335931,0.545667995408343,0.06342656722338658,0.2337158792494327,0.0057289240508223704,0.18946831163883893,0.22502031113976262,
original,123,Ridge Regression+chem,0.5738491460630897,0.3569295885363491,0.10160029340687182,0.555604035593497,0.5592100847980326,0.053327331732178296,0.2113474238734504,-0.06342330972969079,0.14288670384053692,0.16386331731788373,
original,123,TabNet,0.5700877055026268,0.33925130087737027,-0.08555018094067779,0.6648491834790471,0.5801117746700266,-0.39069680155447184,0.09054316153158892,0.10575130972876046,-0.19413864601875175,-0.03920992839051474,6200.0
original,123,Multi-task MLP,0.6276408385280204,0.3444503374176889,0.11699506441306065,0.5441766952056911,0.5378953289354168,-0.008752021828723144,0.26146413859333995,0.05246124964192711,0.1273539094200441,0.15244804623871566,5061.0
original,123,Explainable Model,0.6140707857464233,0.40710225110085096,0.053937092332642364,0.5833877539080028,0.5517392990754358,-0.047620612611301016,0.08529888873406954,0.05394260836657161,0.008677509847184295,0.16938706732668685,177466.0
original,456,Linear Regression,0.5597325197237967,0.17712074523209195,0.3728042534511778,0.5709120977371849,0.6031308060705761,0.4651427788795134,0.36351070298324206,0.10112282142060292,0.4566659483442733,0.47757901562825744,
original,456,Ridge Regression,0.5286724827505497,0.32906704681377724,0.37235298838212894,0.5750615940041124,0.6160162228040289,0.42586306431957643,0.4217671315389314,0.0790829310700164,0.4566115731122874,0.4784402418698327,
original,456,Lasso Regression,0.4824199565334057,0.3375803393962865,0.28231760847886367,0.6526662034740781,0.6447569447777107,0.32991479953370006,0.3866634832003798,-0.009583452537441417,0.33816902047848374,0.3664241917191966,
original,456,Elastic Net,0.30958749051623957,0.2704460728979775,0.1972800703170271,0.7212596996041114,0.6776979506410701,0.1518856570790732,0.31975768167465723,-0.053187966465308545,0.270031637404199,0.2979133418925145,
original,456,Random Forest,0.8802242977147804,0.4458448430602305,0.37992645481072984,0.5735736551502957,0.5920889867446957,0.446185723612497,0.44370925278520834,0.04774152389574393,0.4675573094693485,0.49443846429085125,
original,456,Extra Trees,0.9348800013338977,0.33648764538592124,0.40916177168221884,0.5298167691266417,0.547047796518946,0.40481437944381427,0.47990303020976377,0.22955299577863708,0.45963966404055656,0.4718987889383226,
original,456,Gradient Boosting,0.9922547058714176,0.2497858823350967,0.468160140327622,0.47367268193169726,0.4856291677082579,0.5958359609470932,0.40942231432457776,0.3113981736744953,0.49704966708131004,0.5270945856106338,
original,456,Support Vector Regression,0.6891031690197451,0.48101229082606983,0.4574793323679323,0.5004066088033169,0.5280257131556261,0.5015556977863933,0.5396386282268437,0.1816319573553593,0.5270011186189605,0.5375692598521049,
original,456,K-Nearest Neighbors,1.0,0.4920473574004184,0.39441176828582547,0.5808536348175461,0.540185336528104,0.5343618537913565,0.5093339770269218,-0.09160433164374582,0.5236217086753865,0.496345633579208,
original,456,Decision Tree,0.6022626548491019,0.31882952474814746,-0.05854122475721195,0.9197792169760867,0.7692744133766721,-0.46032047312604085,0.11151511248674817,-0.121731041531701,-0.008652984140060216,0.18648326252499448,
original,456,XGBoost,0.9978008350068468,0.013354551191671282,-0.09181186128951421,0.9676298123192479,0.7012551491740462,0.1095355922748591,-0.20024874518281854,-0.3737585424383689,-0.09666955442130654,0.10208194332006437,
original,456,LightGBM,0.9700039921228442,0.1436830016916864,0.2469973182275141,0.6710756211851597,0.5891824636372793,0.3974397675975788,0.10404557263361214,0.019252190977627426,0.3535515573841317,0.3606975025446205,
original,456,CatBoost,0.8201940392168607,0.42020461880934273,0.40369109685284243,0.5438783612608227,0.5714142890463701,0.4908802272667807,0.4222079736605172,0.1399062243619228,0.48537966204054694,0.4800813969344444,
original,456,Support Vector Regression+chem,0.6925775269315982,0.52342851558003,0.5067416130382825,0.4585994402729502,0.4895910538425158,0.5375770378151803,0.6035000965515631,0.23006338587549924,0.5760313677266071,0.5865361772225625,
original,456,Random Forest+chem,0.8826622413448793,0.45657885939960163,0.38439520088016277,0.5567444518046362,0.5910243771849643,0.39959587554729514,0.43026527053813046,0.15633464452025203,0.45960208986289597,0.4761781239322401,
original,456,Ridge Regression+chem,0.5458694650948595,0.2703485754509245,0.38636885189119796,0.5624239080003253,0.6135205750290027,0.4388339955279904,0.432800940046444,0.09783199421049316,0.46955470601516425,0.4928226236558978,
original,456,TabNet,-0.3751628288843272,0.3990660914375797,0.2534279129455393,0.6808541137723962,0.6068688313546072,0.2695926064157409,0.35598181394625406,-0.06205194259129354,0.3700803635076795,0.33353672344931584,6200.0
original,456,Multi-task MLP,0.5876019672347781,0.29714833796624174,0.41424294893151997,0.5450905512861534,0.588488367516541,0.4435898397003787,0.4628647791912093,0.0756746016676123,0.5195887677547902,0.5694967563436091,5061.0
original,456,Explainable Model,0.6267544927500648,0.3030082261838129,0.509156316674137,0.46522662987589686,0.5324675946509594,0.5786588029085523,0.6146770000576793,0.162524485184811,0.5931688660615121,0.59675242915813,177466.0
original,456,KAN Model,0.6727569803916938,0.414111044139022,-0.12311094391899854,1.115556578260029,0.7151822529063983,0.10850569863611415,0.43562509812077377,-1.291170710820543,0.11648536496432638,0.014999829504335538,546.0
original,789,Linear Regression,0.5666489892759861,-0.36220261272587145,0.28423693307076037,0.8768148764463843,0.6044501708526576,0.32739015061602805,0.2839975358768827,0.008547761344805727,0.34854354841875457,0.4527056690973307,
original,789,Ridge Regression,0.5219930131008053,0.006120450883155071,0.3314942528360348,0.845065332401596,0.6131269061353402,0.4057713703923703,0.3497997275060385,0.015415757328664403,0.4099591360783956,0.47652527287470503,
original,789,Lasso Regression,0.4743847650328166,0.13958771508778595,0.17638471671732847,0.944555567124505,0.6665762520096727,0.19124500487747487,0.18954180073035776,0.006241201121562567,0.2039587382586583,0.29093683859858877,
original,789,Elastic Net,0.29393554631293634,0.16128645422113347,0.10572715597581754,0.9966830388323877,0.7186416766793703,-0.01332472819823094,0.18218016998542497,-0.011862195101236539,0.14813123666431272,0.22351129652881796,
original,789,Random Forest,0.9084606814283557,0.003043702194883191,0.21498618865924354,0.910526414987291,0.6442429776301588,0.3347987377684143,0.056078355103501676,0.026805586767146394,0.3428784917421689,0.3143697719149865,
original,789,Extra Trees,0.9465429762722206,0.10676208106941112,0.34583508682853425,0.797670064559136,0.5582665435252268,0.5310174756814858,0.26297428428302416,0.10116327966326899,0.3942087270704011,0.4398116674444915,
original,789,Gradient Boosting,0.999999998120287,-0.3803688047357839,0.274322831534748,0.82851367539798,0.5465140542867404,0.5923277327716605,0.06540908782383681,0.1290610132615302,0.29009017733545406,0.2947261464812587,
original,789,Support Vector Regression,0.7120290680266571,0.5969832670410625,0.4237355257026552,0.7880405381023954,0.5132866068186317,0.5472363345289971,0.5172923545075826,0.018755071001633872,0.5327322905981537,0.502661577876909,
original,789,K-Nearest Neighbors,1.0,0.15240553833244425,0.2759423504154512,0.8726691430035567,0.6119529554302778,0.25460311901329435,0.3813033846300551,0.033033851515349655,0.3475331005491794,0.36323829636937743,
original,789,Decision Tree,0.6589047282069277,-1.1189771661453212,-0.22532822528410232,1.1867928440496271,0.7937954786628493,-0.22662020573770159,-0.2838958121188979,0.015318182437847438,-0.43979477802251976,-0.19164851297923935,
original,789,XGBoost,0.9998832039663249,-0.252441486707691,0.27767969856565544,0.8599919744260948,0.5530968406932983,0.6742956056190669,-0.07446948008440946,0.04894106498440176,0.3466107736912647,0.3930205286179538,
original,789,LightGBM,0.9067757562868431,-0.2164251145894235,0.01825007968551311,0.971641650626854,0.6542751815419383,0.30091613252593885,-0.3622526577118357,0.15636005455726787,-0.10055204720971234,0.09677891626590729,
original,789,CatBoost,0.9991743072383595,0.05700663766728633,0.45519445459133434,0.6836374722260103,0.4718017390485034,0.4851417321814221,0.4672588723349578,0.20973878213664643,0.5650855841815761,0.5487473021220695,
original,789,Support Vector Regression+chem,0.7159855131667803,0.5602156575426831,0.42589967394873074,0.7558563886421888,0.506506837769106,0.5559677282907125,0.4583057506739975,0.08738986197049081,0.5259145094638249,0.5019205193446286,
original,789,Random Forest+chem,0.9067442768843195,-0.022536114460089206,0.22654394561401864,0.8929745841911746,0.6487088007548165,0.33766981035565435,0.0825550290288436,0.05072098936438141,0.33867718349527465,0.32309671582593924,
original,789,Ridge Regression+chem,0.5293182328700877,0.13359696711161828,0.3434486044567988,0.8189834814682957,0.6037820002836022,0.4182286431725858,0.3429953107001228,0.05750245656348718,0.41515759687486764,0.4833590149729309,
original,789,TabNet,0.2019286479939284,0.5606535743525123,-0.38348110921240036,1.1965388725158126,0.7513407911125627,-0.40677970886916825,-0.7169726644622683,0.20592932407074105,-0.7303439479076617,-0.2692385488936444,6200.0
original,789,Multi-task MLP,0.6037272248796708,0.3932908303814758,0.42642808037962004,0.7737222558938277,0.5575983243971827,0.5580634681857137,0.4706104207513997,0.04571166741736965,0.5146884942748922,0.5430663512687252,5061.0
original,789,Explainable Model,0.8924639782082535,0.4808334502001392,0.3517202582796206,0.82146532686732,0.5053556766794001,0.4418647105481892,0.3751915414273068,0.040902538658901144,0.4173896239514817,0.48325287681222395,177466.0
original,789,KAN Model,0.722774942738944,0.3230053224266737,0.014674161955249487,0.9888528091099433,0.6745907481013862,-0.03469003990302588,0.016257816097676403,0.13185655787730455,-0.06864553617063285,0.02859201187492577,546.0
original,1024,Linear Regression,0.6219007667729664,-0.9033763493376554,-0.2777302162192997,1.1125850163217776,0.7550419962305968,-0.5078838499609641,0.21840267369489674,-1.0685068763331231,-0.026938022664227068,-0.0037250058330819957,
original,1024,Ridge Regression,0.5565700880189406,0.4966463229213664,0.258589039226817,0.6469709091054707,0.664007742056626,0.2934403669493364,0.4534184958591648,-0.30863291548442073,0.4183887807034059,0.43633046810659815,
original,1024,Lasso Regression,0.6186589652978243,-0.31388601127274135,-0.11441473672717398,0.9674934356757362,0.7214747275792,-0.27599923451380537,0.3193547282363305,-0.8559280225297563,0.1081341111338997,0.13236473403746096,
original,1024,Elastic Net,0.32748345946520246,0.33457641115779724,0.2291252619681316,0.6872602470213224,0.6874971664739068,0.1846297108776671,0.3886658743778951,-0.17559071076033206,0.3580404526219857,0.3898809827234415,
original,1024,Random Forest,0.9060238093235446,-0.035548467026912126,0.1418812284688251,0.7400531515627392,0.6582151926782804,0.27742965926200003,0.35747578534306523,-0.6631384029437726,0.36829385843041196,0.3693452422524204,
original,1024,Extra Trees,1.0,-0.24470229707796518,0.2835241925790274,0.6408255654598376,0.5819069437210753,0.30353621584712276,0.43681145982756553,-0.10344475764458494,0.36631974406737766,0.4143983007976556,
original,1024,Gradient Boosting,0.9999853128545076,-0.11479788923212489,0.14438706929752998,0.7234376254410195,0.6392560265082855,0.3441549225893197,0.3667293876209563,-0.8447197400881081,0.4639513153054916,0.39181946105998966,
original,1024,Support Vector Regression,0.7151523331514752,0.44049899098526674,0.4773576865144261,0.4657128384072277,0.5063247577246286,0.5786819553418457,0.5208433701121775,0.10680932194635717,0.5839326414896298,0.5965211436821203,
original,1024,K-Nearest Neighbors,1.0,0.08780195009201888,0.3206122038321507,0.6079508954352048,0.6127226775535501,0.27064135212540075,0.4635079257821467,-0.005841102287657884,0.4330449995614172,0.4417078439794463,
original,1024,Decision Tree,1.0,-2.6427144695479337,-0.21814899343254276,1.1288667241302424,0.7476723800787033,-0.7272540983768752,-0.10782057898270159,-0.20190829473433625,-0.2913501718577114,0.2375881767889102,
original,1024,XGBoost,0.9999990894593237,-0.2001676201601032,0.20587640866744988,0.7063132656861988,0.6323993083939994,0.15178343042026599,0.2943947960078944,-0.24795202739078848,0.4134359501308138,0.41771989416906274,
original,1024,LightGBM,0.9371343237648349,-0.30882717053564807,0.12785223111308552,0.7804885187298038,0.6929686750026529,0.2635012051923894,0.25632882896309794,-0.4195746820441022,0.2741936126884501,0.2648121907655915,
original,1024,CatBoost,0.9999993481239882,-0.027337240547774554,0.3697132184100303,0.5569468975668889,0.5538679435539102,0.3654500064643714,0.5172726053620724,-0.026215598476737156,0.4898369225975455,0.5022221561028983,
original,1024,Support Vector Regression+chem,0.7452503508623595,0.3867909351799493,0.42528084367801533,0.5193395343624697,0.5250097623149238,0.4954024191095886,0.47061004072203494,0.11600987475671853,0.5157245312566368,0.528657352545097,
original,1024,Random Forest+chem,0.9089311273992621,-0.14139047101582197,0.1208431710431496,0.7677444715032553,0.6733335096969182,0.24851782769063446,0.30499484663814325,-0.6084958348348644,0.3169986493327773,0.3422003663890567,
original,1024,Ridge Regression+chem,0.5669203067091513,0.4446308709410044,0.1897115754829719,0.690254578546965,0.6778152143063761,0.2711497765741687,0.45208878477739967,-0.6158918284320214,0.4139382379018106,0.4272729065935019,
original,1024,TabNet,0.8244926557865314,-0.10040443052387327,0.4169439641470598,0.4979115538635474,0.5599851317604064,0.46246718669951514,0.5761484174779625,-0.15227896818193076,0.6214708558582344,0.5769123288815179,6200.0
original,1024,Multi-task MLP,0.605006282724438,0.5680107494476895,0.37383586909821603,0.5624618501937262,0.5932785463930379,0.4276986135775468,0.3802691341808795,2.766455104341592e-05,0.5577297582107817,0.5034541749708283,5061.0
original,1024,Explainable Model,0.7115850975751976,0.14000993613843699,0.2512982958668299,0.6587378090803582,0.6701907958191938,0.33176454557738844,0.39750510685629414,-0.30590122519849294,0.41821838076821083,0.4149046713307486,177466.0
original,1024,KAN Model,0.7602618264057452,-4.8450634220808215,-7.496527952493719,8.26120911733669,1.5338279811605529,-15.914266304112438,-5.0350706711058075,-0.09736387271671054,-8.454243520872113,-7.981695393661523,546.0
original,2025,Linear Regression,0.6575850417936713,-0.2835530824000258,-0.20926918922356674,0.48248901503658936,0.5943173097313194,-0.2783106905980053,-0.21385682960985486,-0.18852609434459766,-0.20297373335413416,-0.1626785982112411,
original,2025,Ridge Regression,0.6201304411053521,-0.008418394649380656,0.20206538959882225,0.3237523427641795,0.47267426912498606,0.2054847109181882,0.2897710527457802,-0.07693614081926103,0.2870303555058018,0.30497696964360255,
original,2025,Lasso Regression,0.5635485704668409,-0.13616513736234132,0.24739466239205302,0.30634008840577776,0.4388053635041567,0.2501087604871022,0.34785107790267744,-0.06391223421117265,0.3380940452079887,0.3648316625736693,
original,2025,Elastic Net,0.6411548435251999,-0.11456474522760036,0.09180839813306932,0.36657642276822244,0.5186824195219071,0.06483110749640209,0.16693279126200222,-0.11282322452592908,0.1568150126428145,0.1832863037900575,
original,2025,Random Forest,0.9140767253145302,0.06408166822880472,0.11992985291780378,0.3652013280774983,0.476422854171886,0.2144328071121372,0.3608220687336109,-0.6368001230212648,0.33654781528712285,0.3246466964774132,
original,2025,Extra Trees,1.0,0.22366189630604083,0.10517708237896954,0.3679662267619265,0.4549648953119183,0.21232604540772881,0.25779909178959515,-0.5114389491576719,0.2984057702469799,0.2687934536082164,
original,2025,Gradient Boosting,0.9999798212936977,-0.0660971801018209,-0.1974547536780167,0.49741680664412546,0.5247094464439994,-0.021143840655318158,0.1299373794423191,-1.283578505094955,0.06797942722769978,0.11953177069017173,
original,2025,Support Vector Regression,0.7290567888612807,0.16382246487636548,0.33968827043225575,0.2725191033313086,0.3969262686254532,0.358977110346547,0.5257986444948723,-0.1199532941592032,0.4644141324517166,0.4692047590273457,
original,2025,K-Nearest Neighbors,1.0,0.28703232494359554,0.2629704670906713,0.30308772393689953,0.4111583051629097,0.4156633799138483,0.35665561135427604,-0.2892851765971296,0.41287289587514875,0.418945624907213,
original,2025,Decision Tree,0.8050845623792096,-0.289951340488507,-0.06495698878829985,0.42919990780882866,0.49870884502365237,-0.6785322433187273,0.38005307705073355,0.10050184850358612,-0.44820547990996573,0.32139785373287455,
original,2025,XGBoost,0.9999685654945976,-0.19481701315232486,-0.13561550416949744,0.47095986107339993,0.4676564456210519,-0.11836340765574538,0.291954896776526,-1.0238998526526486,-0.026834408611315475,0.1990652512956974,
original,2025,LightGBM,0.9807711289479769,0.038244672770233336,-0.2432701419138386,0.5165331059300744,0.5519401531645427,-0.014120835420557976,0.07855874038140453,-1.4013909951841699,0.08037465792212406,0.040227722732006255,
original,2025,CatBoost,0.9931026037224232,0.0496300038805592,0.07748633344018818,0.3795494206425262,0.47732147784401596,0.1270213919523414,0.28883364251465515,-0.5250509180354446,0.24175604995195898,0.2548715008174304,
original,2025,Support Vector Regression+chem,0.7546860640081909,0.03501219642209854,0.3141876518547865,0.2831967406823157,0.3879275191506285,0.2698022821594379,0.5341284451406966,-0.1296180006136416,0.4462156312910067,0.45040990129643343,
original,2025,Random Forest+chem,0.9178543798727071,0.06418969625092164,0.09674794892913723,0.3761868116234713,0.4880250182487301,0.18406109936735904,0.3507540309357874,-0.745792021821996,0.3446081646865351,0.3501084714780005,
original,2025,Ridge Regression+chem,0.6350632454390379,-0.09985129080120339,0.19057646286605448,0.327764741089673,0.4726386701042635,0.1566265895983,0.2844625537655283,-0.03633383814676372,0.2628298506684099,0.2852971584447982,
original,2025,TabNet,0.9155556921731168,0.4343848459167329,0.08098599293934168,0.3808317370465845,0.4772286150643289,0.2156614290435228,0.2852641975060054,-0.7112586662365139,0.31162713531186736,0.3036358690718268,6200.0
original,2025,Multi-task MLP,0.9361908595247197,0.3533016974404462,0.3517724251956788,0.27264955693062165,0.39787455744689726,0.48309890358893104,0.5601444791875518,-0.4276657092411471,0.5651503586483186,0.5781340937947396,5061.0
original,2025,Explainable Model,0.7961744985443046,0.2732036117597787,0.29796913982689804,0.29064035236103236,0.42526683593302816,0.39026742138463677,0.5031321414653189,-0.27831706127097844,0.42118506037554604,0.4535781371799673,177466.0
original,2025,KAN Model,0.8525786868734807,-93.7765557791454,-163.58270103813885,76.73666619073414,2.054912348699182,-1.6191919256436562,-2.9991862999350634,-808.0376992509381,-2.6777874030032685,-2.5796403111743236,546.0
original,3407,Linear Regression,0.6747888036317142,-0.1845808446130433,-4.161743178780396,3.6571733528953496,1.2180635890159492,-6.152648606826778,-4.42916360432037,0.11192634757546371,-5.750624584151875,-4.58820544617842,
original,3407,Ridge Regression,0.6710107894955948,-0.015577366434976448,-2.5409220177101814,2.682281299161885,1.095075861289707,-3.847784287357202,-2.6641432857870244,0.1170913328093055,-3.527976012772114,-2.7817978354438724,
original,3407,Lasso Regression,0.672095656977311,-0.04988585000528378,-3.066997430312265,2.9910764956488656,1.1316364220743336,-4.6381580372950975,-3.094333902076615,0.12786916252933067,-4.3599977733608855,-3.3703666013580555,
original,3407,Elastic Net,0.6726947100789471,-0.06185704333702189,-3.138433310137859,3.0348000253938268,1.1382552863205195,-4.741591200863539,-3.1729360485796647,0.1265799484730742,-4.446280652149415,-3.457938597569748,
original,3407,Random Forest,0.8985025870090533,0.3846559193817698,0.34421289576816816,0.8972760842173757,0.6188278122261318,0.2789091506793664,0.3746714971270608,0.20367085044651712,0.4154807237788348,0.44833225680906197,
original,3407,Extra Trees,0.9999958420639773,0.28426284876967267,0.3806825504736813,0.8004900625536958,0.5575058909289015,0.29783440228172753,0.3961105923724598,0.3219085072341159,0.40741980056730764,0.4801394499127959,
original,3407,Gradient Boosting,0.9972945015066269,0.22204925884558527,0.29162019514762283,0.7967690145706771,0.6056767502741442,0.18780250557944023,0.12537484001927357,0.411467171769356,0.342701442571016,0.3907550157990285,
original,3407,Support Vector Regression,0.761641358785334,0.4231524767074652,0.2897187895082741,1.0437895449858348,0.5788903005198559,0.3988114971827661,0.2974501052416235,0.02067662548705873,0.34868975307891825,0.3829659665510041,
original,3407,K-Nearest Neighbors,1.0,0.15862957401684416,0.13019101662665827,1.089442823923589,0.6608983723222267,0.09027398105879603,0.1620943858088042,0.10104133645189894,0.12109605905140008,0.17644932076239217,
original,3407,Decision Tree,0.7837857697247792,0.07349790071232165,-0.1351859994581907,1.2914541808292062,0.7949821638113972,0.08465118911942693,-0.2956056434757717,0.02531183896178124,-0.36243455660840107,-0.12785282528798914,
original,3407,XGBoost,0.9852310267152979,0.434860977618092,0.19016138214637202,0.9535143983486624,0.631966364260831,0.11264503946487225,0.05784957593668594,0.2597725867431694,0.2792351924689115,0.241304516118221,
original,3407,LightGBM,0.9845127681783661,0.3114209809047018,0.004883069689553943,1.0997619986278768,0.6915509039242601,-0.0918033658222508,-0.07313240755263539,0.20285614025958987,-0.05923642712577015,0.045731408688836184,
original,3407,CatBoost,0.9992745401166919,0.3802498642480857,0.34180594829721994,0.8346681764265117,0.5789657521086651,0.21078464410678488,0.3783570573766373,0.30587947769036883,0.40928820099275076,0.40472036131955813,
original,3407,Support Vector Regression+chem,0.9128589994327111,0.41738910825253345,0.2454266289344229,0.932929264417548,0.5912207923490809,0.38990861118558073,0.08294138873715451,0.23539070061827005,0.22363353045136736,0.295258913679742,
original,3407,Random Forest+chem,0.8894199458224226,0.3928892090438122,0.34781745257395374,0.9074945595724699,0.6201948581943199,0.2774048286807991,0.35055006680375744,0.1843013239483806,0.44483869520721675,0.4819923482296149,
original,3407,Ridge Regression+chem,0.6843359890693954,-0.05745825258010724,-2.4159572004444847,2.6180432434553174,1.0836829254342493,-3.707096282608034,-2.5009263818153658,0.10100760600095426,-3.3520534314543076,-2.620717512345672,
original,3407,TabNet,0.7897669765435376,0.2020965845697129,0.07674750011428415,1.0077572719893013,0.7185064217164895,-0.011905213976858953,0.09080009645581866,0.2807462659711326,0.0183867873044542,0.005709564816874235,6200.0
original,3407,Multi-task MLP,0.6947173549115584,0.3781996780483955,0.021639971148508706,1.1397950634642628,0.7064763215814025,0.20175663103968355,-0.21741465886094868,0.11910973377765044,0.0193848441389034,-0.014636694352744728,5061.0
original,3407,Explainable Model,0.7840168395329311,0.25429871760773126,0.01929990783602966,1.1379150743809932,0.6876420025234926,0.08537845808144395,-0.08434615437658288,0.1267013725886159,0.004163813533297089,-0.035397950646625986,177466.0
original,3407,KAN Model,0.6793783685101416,0.6063896373551789,0.12050823280412451,1.2212200058219902,0.6724037981800207,-0.25367023217754436,0.27753338703981,-0.09004532409366894,0.3199008068452298,0.348822526406796,546.0
original,5555,Linear Regression,0.48753485944572883,0.4300799832793265,0.49267022290483276,0.547202592804634,0.6373694014984704,0.5640227582741522,0.6438324567532527,-0.01744045449220577,0.6316198343009036,0.6413165196880612,
original,5555,Ridge Regression,0.46156174214271106,0.4548828828124649,0.4649701957562735,0.5941444514931454,0.6717200281478691,0.49801751361145685,0.6011766643841294,0.04889291508133953,0.5803598992977523,0.5964039864066897,
original,5555,Lasso Regression,0.41380191087585627,0.32730029913510983,0.4361212016898312,0.6305089133863147,0.6560388448817553,0.43282802019322075,0.5858985660943601,0.03935390215370971,0.5511533584855364,0.5713721615223296,
original,5555,Elastic Net,0.4310869438386414,0.3516562749552597,0.4476586875393078,0.6163356695819835,0.6570430750870233,0.45576924040120714,0.5935435420336896,0.0467689627827792,0.5595346031937636,0.5826770892851,
original,5555,Random Forest,0.8591911317702907,0.3726889271228226,0.46753160143857214,0.5722563539396022,0.586067079511267,0.5464009131050793,0.6252678562225445,-0.08247563815351011,0.6303486880093563,0.6181161880093915,
original,5555,Extra Trees,0.9297857746101501,0.583087865711899,0.5675119671184733,0.49127104961307033,0.5048054410396993,0.581996431576405,0.6462580292064162,0.30312372710922,0.6510402165186018,0.6551414311817239,
original,5555,Gradient Boosting,0.9243299098674986,0.5668774244277031,0.5112063999054168,0.5574926671860667,0.5402685268882877,0.3737872116048174,0.6524684383930222,0.286277734538381,0.6413214515586925,0.6021771634321713,
original,5555,Support Vector Regression,0.6051549988754967,0.40239729725733164,0.5540201530102518,0.5004760380621232,0.5651384328398452,0.6347130158744941,0.6333874120951092,0.21849326637399402,0.6432861768073114,0.64022089390035,
original,5555,K-Nearest Neighbors,1.0,0.5823428774907005,0.4957256118182866,0.5552197892457833,0.5474424982053381,0.5638748526461146,0.6245096248360185,0.059861788663722826,0.6117361716919703,0.6186456212536076,
original,5555,Decision Tree,0.6201027448270736,0.08858779156717114,0.19864508742940443,0.923803721134411,0.7153563553600758,0.24534590640430043,0.29683063862190373,-0.2161252260695723,0.34229601091627404,0.3248781072741168,
original,5555,XGBoost,0.9973186471369854,0.3799434943244311,0.2923612780540057,0.7028423236038632,0.5976363380144654,0.3782155603886407,0.6350451542983784,-0.7877447231945951,0.6158989795555063,0.6203914192220983,
original,5555,LightGBM,0.9114186388936047,0.19675345202617542,0.4595616412469868,0.5772247457501952,0.5644611903211176,0.540312409493531,0.6595319461380194,-0.11899675570892532,0.6137213158240209,0.6032392904882884,
original,5555,CatBoost,0.8875661257198969,0.4396538696634673,0.44180343234932523,0.6482695043211446,0.6056090522265685,0.45860984315170794,0.5302823912663567,0.1903472421886988,0.5023503167887557,0.527427368351107,
original,5555,Support Vector Regression+chem,0.6398455780677501,0.3688300879393619,0.5247109038432256,0.5498889722601606,0.5889337304976416,0.5796734296321282,0.5865498023891756,0.2815408763317012,0.5865237087557709,0.5892667021073525,
original,5555,Random Forest+chem,0.8627704091371264,0.41716163584062266,0.4581925815743676,0.5837299750626486,0.5956175657266822,0.5305919517350906,0.6303275190503137,-0.08872421088976168,0.6185437984399071,0.6002238495362889,
original,5555,Ridge Regression+chem,0.4658825436794417,0.4952344679066149,0.4554752664325922,0.6018281088838217,0.6677022600751201,0.4923606746891418,0.5978717425020668,0.0129763668253019,0.5783059173764047,0.5958616307700462,
original,5555,TabNet,0.8373683881121797,0.4938078095269711,0.2157115881612995,0.8427094966707742,0.7487856031716432,0.29839460269105855,0.485644690802733,-0.5808081329649764,0.44783910726763354,0.4274876730100492,6200.0
original,5555,Multi-task MLP,0.7381126185330752,0.6642276213440298,0.5653440033997827,0.47860021792324015,0.5252298494639198,0.654843789029433,0.6440834540596792,0.17643293150586847,0.6746573495293442,0.6767024928745888,5061.0
original,5555,Explainable Model,0.7908757294272736,0.6988675656755671,0.5779775200490175,0.47387212265242856,0.5190159555829492,0.6278158317383145,0.6250755048433463,0.2699751228359518,0.6951843267673146,0.6718368140601604,177466.0
original,5555,KAN Model,0.8333368430253791,-2.107319290176456,-3.7387882242568304,3.803823723856195,1.1293334006135123,-0.44720233062289005,-0.08417157578188372,-17.587262702508045,-0.29877250362491115,-0.2765320087464167,546.0
original,7777,Linear Regression,0.5285009677507141,-0.38322122726912333,0.2542396742773172,0.8531310994494788,0.765046855118998,0.31248936930567317,0.5818884810593041,-0.6955211155879721,0.5285888620280201,0.5437527745815611,
original,7777,Ridge Regression,0.4791716188790899,0.034711841640901596,0.3656865471343818,0.8018261887257413,0.6798493170787838,0.42878087183223645,0.5031728852570105,-0.16995670437772747,0.5066446175257002,0.5597910654346899,
original,7777,Lasso Regression,0.416041443902888,0.21188393526793786,0.32989525227748684,0.8940953521298957,0.6987078581723247,0.29591537895361386,0.45690986013411117,-0.018912451575984868,0.4183885509963371,0.4971749228793576,
original,7777,Elastic Net,0.44425228471232214,0.1679519980925546,0.3531684245552644,0.8477201104686062,0.6866637508064443,0.34127016841073743,0.48827864590781545,-0.049401861262307945,0.45628714559316974,0.5294080241269077,
original,7777,Random Forest,0.874754424088079,-0.0054845052422668236,0.3186524612819769,0.9331877943936002,0.6504456899578582,0.3485682064022376,0.36417972724777914,0.02545972180791478,0.40760644752007424,0.4474482034318791,
original,7777,Extra Trees,0.9595697318401314,0.19010883839849718,0.35454754385986875,0.8550241763742124,0.6622566738705381,0.45647466919358404,0.4105820473009103,-0.06002491768586493,0.4681393976723931,0.49756652281832214,
original,7777,Gradient Boosting,0.9999999934114113,-0.4130620668056137,0.34202262468241224,0.8932265913392895,0.6452327557744992,0.3795431813260517,0.3902936270640355,0.026210718211803097,0.4536090291632958,0.4604565676468755,
original,7777,Support Vector Regression,0.6373244166090577,0.27440449625984936,0.40384295105935886,0.8570264570069005,0.6095881100571143,0.43008204264677397,0.37829479131230437,0.29600196534208334,0.42223713080068737,0.4925988251949458,
original,7777,K-Nearest Neighbors,0.4223939375103905,0.01658727191078071,0.33225129478921167,0.9416033560433765,0.6874843678236179,0.3323271107002016,0.37175779587411517,0.16352046221387917,0.37184293733998197,0.4218081678178811,
original,7777,Decision Tree,0.6400791794846902,-0.20534066788386193,0.30188774456842593,0.8331391392929033,0.6615515537690654,0.43638033103708174,0.4385175851743679,-0.5053730416804074,0.6351834959148586,0.5047303523962297,
original,7777,XGBoost,0.9897558994300495,-0.3711013168330797,0.2894372792472658,0.9846287641771532,0.6490012643346652,0.28500510725582484,0.35589163916878075,0.04559061526415664,0.35284962058261893,0.4078494139649482,
original,7777,LightGBM,0.9851008513531095,-0.24832943046827927,0.26885530609353925,0.8217682917509703,0.6790241842692544,0.3817334358274841,0.5898502311021725,-0.7363370766216522,0.5689555892355799,0.5400743509241126,
original,7777,CatBoost,0.919350040115809,0.1360034783478996,0.34958644713343884,0.9000531272388379,0.663982367423853,0.27279318861003177,0.4529507877055464,0.15154773539112065,0.3960719043583366,0.47456861960215957,
original,7777,Support Vector Regression+chem,0.6561769389261846,0.2467712791887271,0.36963157837589045,0.9131565392205205,0.6316413172071618,0.3804907920279378,0.353796675068933,0.29271252887914734,0.3778503591825403,0.4433075367208944,
original,7777,Random Forest+chem,0.8751997385431786,-0.007940232618951226,0.3294414303860631,0.9112812699026943,0.6402478214712368,0.35509034082832946,0.38889900840780867,0.016432248745736233,0.42490628625603966,0.46187926769240206,
original,7777,Ridge Regression+chem,0.49348267348856734,-0.06232287298678472,0.34677861344282074,0.8403157257293394,0.6973198460067455,0.39362632554021637,0.4772433395377752,-0.14214088312239115,0.4761468164745275,0.5290174687839759,
original,7777,TabNet,0.0543685698986758,-0.07503946313071556,-0.5795807832259987,1.970656991103781,1.0809853461494838,-0.41073063702763957,-0.06367945169037093,-1.97227489261142,-0.246763412301771,-0.2044555224987905,6200.0
original,7777,Multi-task MLP,0.46666144428604583,0.1048381847880859,0.23509949085911072,1.0853006570744774,0.7273807618651943,0.20907445836094463,0.254027844841054,0.06954070712882798,0.2931017936706122,0.34975265029411573,5061.0
original,7777,Explainable Model,0.44420887907534523,0.2232177607998632,0.3316694681973341,0.9044363705078016,0.7195064884201214,0.305071928226451,0.27613442340780203,-0.014978673480218863,0.5177301954219904,0.5743894674106467,177466.0
original,7777,KAN Model,0.8105006499257744,-1.565326280556614,-0.9898669188023757,2.888937957456158,1.329086483708559,-1.2879662992261323,-0.6954434299953203,-1.004751250777184,-0.9395730798827491,-1.0216005341304908,546.0
original,9999,Linear Regression,0.6609351175765805,-0.31786486063244246,0.4569822476523431,1.4408957725545903,0.6878521006927323,0.5722803554073195,0.5310261712468038,-0.05103852923664021,0.6022047274113489,0.6304385134328834,
original,9999,Ridge Regression,0.6143498070911241,-0.037857624158043814,0.45753538004724287,1.515219326864137,0.6888840392784205,0.5837029242951759,0.5759385529635825,-0.13484765607303895,0.625604571101241,0.6372785079492534,
original,9999,Lasso Regression,0.5817165005802976,-0.2706755525906874,0.44748183821674187,1.5394703877005127,0.6970121558631178,0.5843509248640935,0.5656024319072896,-0.1513123894952073,0.6050829660589568,0.6336852577485766,
original,9999,Elastic Net,0.6020310255807864,-0.24174680248485028,0.4555231258306144,1.517089202401973,0.6911215143591584,0.5906264006503399,0.5624570026003639,-0.13449863532695172,0.6167354335987099,0.6422954276306096,
original,9999,Random Forest,0.9143738220531976,-0.33872576818899425,0.38166624344642347,1.5921308591693646,0.7019230997563913,0.44838496548532825,0.4871915281975745,-0.14552995860328077,0.5299982829885974,0.5882863991638978,
original,9999,Extra Trees,0.9999796440350138,-0.40870330349170325,0.5108156537832472,1.4131013769148986,0.6226598452804101,0.6478128838453425,0.6018174412766106,-0.07535470163913915,0.6541109017028404,0.7256917437305814,
original,9999,Gradient Boosting,0.9979432679513763,-0.07890601808765403,0.24822405879022053,1.6818107274081533,0.8238672407323137,0.17805631999590377,0.41349279089361346,-0.11394347790681669,0.365056140341655,0.3984585206267467,
original,9999,Support Vector Regression,0.7274081615884962,0.044391800802516236,0.41276429749203825,1.524752841763925,0.7055651988305747,0.5347419954656231,0.516749777295047,-0.09872648938548712,0.5646424599374738,0.5464137441475347,
original,9999,K-Nearest Neighbors,1.0,0.048821963800171696,0.5291730098087001,1.424091209324153,0.6240432520090557,0.7066976962592447,0.6406984024785289,-0.104181324568424,0.710850483263621,0.6917997916105296,
original,9999,Decision Tree,0.6632408296478113,-0.5790729480893516,-0.12780422121419993,2.1387016923893434,0.9504803377032488,-0.21617833865239255,-0.1350069868983792,-0.23698367832076928,-0.08741565655649186,0.036563554357032735,
original,9999,XGBoost,0.9995073664289007,-0.42927691456002603,0.12209393369380883,1.7657377451145853,0.828903840590866,-0.07014938570500484,0.25497144117902726,-0.08165290713607787,0.2845474132790785,0.22275310685202032,
original,9999,LightGBM,0.9422914779101366,-0.3584172599765239,0.21383415627771143,1.6389747883064132,0.7807839636904261,0.11235867052662474,0.3305320232755591,-0.03124569947388034,0.3040135340150468,0.35351225304520706,
original,9999,CatBoost,0.9935829122963084,-0.008430159233631019,0.3262601799662296,1.606306782148454,0.7370919725837346,0.2489566802039639,0.490492381603457,-0.11070131981970821,0.4826026510261703,0.5199505068172647,
original,9999,Support Vector Regression+chem,0.7518691601559808,0.02966344773794538,0.43606699413784894,1.49573881764947,0.6813824333693377,0.56272776052779,0.5388053864101154,-0.09007515994183013,0.5966784438184287,0.5721985398747406,
original,9999,Random Forest+chem,0.9126018536037392,-0.35662581377732316,0.3408605038959273,1.6328161454777717,0.7254599593655414,0.40202538781463426,0.4279074034999981,-0.14892326508709774,0.4836993321227244,0.5395936611293775,
original,9999,Ridge Regression+chem,0.6208176773634212,-0.03185505816229672,0.4521779793252804,1.507249647960218,0.6921908584292212,0.5656351285955015,0.5708482219060702,-0.12090192208933037,0.6165434057682325,0.6287650624459284,
original,9999,TabNet,0.27070683842018883,0.30257512031945544,-0.1120030825430697,2.2187372992596415,0.9195367167759476,-0.14764592856405057,0.3193099830188296,-0.34343640031245215,-0.2620495343166531,-0.12619353254102172,6200.0
original,9999,Multi-task MLP,0.876730367971744,0.09458025122762201,0.4418631223113617,1.4522944091032208,0.6805553359801572,0.5910454512782496,0.5190166982615139,-0.0461423344053955,0.5772496299997938,0.5681461664226464,5061.0
original,9999,Explainable Model,0.8986184231044068,0.17442871103555785,0.44292206466165496,1.4044667900022552,0.6637608490330216,0.6077625017941215,0.4710251829569314,0.007656032451039185,0.5713047176524024,0.5568618884537802,177466.0
original,9999,KAN Model,0.7069916285893226,-0.13165560450980693,-0.21124121119544198,2.255938360091517,0.8991176967195755,0.05964517055872476,-0.4923934222408921,-0.2611732380367189,-0.129261164967015,-0.23302340129130839,364.0
