Dataset,Seed,Model,Train R2,Val R2,Test R2,Test MSE,Test MAE,Test R2 DCAA,Test R2 TCAA,Test R2 HAA5,Test R2 TTHM,Params
ontario,42,Linear Regression,0.6467662495101425,0.2801259032731319,0.6469671296953111,0.3012392141279817,0.41355300141331525,0.6822595676811087,0.604177829021604,0.7030753665230569,0.5983557555554742,
ontario,42,Ridge Regression,0.640480487753058,0.3136464141048696,0.6573317926030353,0.29329772094935175,0.3991377945420056,0.6759744278216193,0.6240535913933494,0.7076544398348203,0.621644711362352,
ontario,42,Lasso Regression,0.6149640702681026,0.37108209827138605,0.6121602521719811,0.33344289514046765,0.42518977487922094,0.6157240014876271,0.5741145623170869,0.6445679635196069,0.6142344813636038,
ontario,42,Elastic Net,0.629856215086237,0.351358703320068,0.6301760295235942,0.3176216053594498,0.4153810179958485,0.6377693589044239,0.5928126757709473,0.6660434267145652,0.6240786567044398,
ontario,42,Random Forest,0.948169229951781,0.5392986316592441,0.5872978261417426,0.35410144151973577,0.3851669342604219,0.6212681079611907,0.5417521659076623,0.5845691794023273,0.6016018512957898,
ontario,42,Extra Trees,0.9987187272039388,0.5661345362255619,0.623867581132182,0.3222219411456501,0.37451392642574455,0.6426420395905917,0.5740029189457845,0.6713372936861283,0.6074880723062234,
ontario,42,Gradient Boosting,0.9594967473163325,0.545016305193354,0.5837971933882536,0.3574191739966281,0.4006798926831334,0.591988357973702,0.5301585613888363,0.6270258754549367,0.5860159787355392,
ontario,42,Support Vector Regression,0.7803878825779093,0.5424825210994049,0.6858525682760719,0.2703870481721883,0.34379345631360336,0.6689250653591142,0.6805517958511915,0.7428758175234845,0.651057594370497,
ontario,42,K-Nearest Neighbors,1.0,0.39212227931280175,0.718447881856886,0.24168341013468558,0.34062242981157453,0.7146858570963432,0.6929031587878969,0.772812223869465,0.6933902876738386,
ontario,42,Decision Tree,0.7596259556984741,0.35800143597521444,0.5392570463654339,0.39689652949921295,0.417873700933944,0.49317662648568006,0.5714175886090803,0.6547810126114213,0.43765295775555346,
ontario,42,XGBoost,0.942246748537873,0.6040372635905036,0.6311059950432558,0.31940486844938276,0.38283269009294707,0.5982669637256516,0.612719299520548,0.645598080713039,0.6678396362137846,
ontario,42,LightGBM,0.9744577677329502,0.39659993566264273,0.5585622828866346,0.38195956362278904,0.3937806669697176,0.5329241644642998,0.47467792518974383,0.5589464651154906,0.6677005767770039,
ontario,42,CatBoost,0.9033899202639091,0.5709763289851391,0.6458875240130307,0.3038006039621507,0.3832197699080389,0.6551981807720705,0.605842024563092,0.6900273719291645,0.6324825187877954,
ontario,42,Support Vector Regression+chem,0.806250947102511,0.5610432102586878,0.6786752202573376,0.2761854831514557,0.35490077413230514,0.6706227796388489,0.6685049940098423,0.7326525206943891,0.6429205866862706,
ontario,42,Random Forest+chem,0.922179048612116,0.5421669671994487,0.6071475946299509,0.3365082164453393,0.3817136497947417,0.6428001803808245,0.5274435461888489,0.6231720612889962,0.6351745906611337,
ontario,42,Ridge Regression+chem,0.6430484541380835,0.32505822218416525,0.6456972459848701,0.3029736534289659,0.4102865789775315,0.6707291572923852,0.6225110344499936,0.6963864417868082,0.593162350410293,
ontario,42,TabNet,0.3966394307563418,0.5976532155130615,0.49112159870953365,0.4393730136062457,0.46294682023377093,0.47104250370665157,0.49407504811955427,0.5061974141127371,0.4931714288991914,6126.0
ontario,42,Multi-task MLP,0.6144538973839658,0.31355295442915104,0.6536962207310901,0.29788092686242773,0.3893471140774761,0.627621201216979,0.6254507102817962,0.7424437653977154,0.61926920602787,4932.0
ontario,42,Explainable Model,0.8869711820346718,0.5253698691916611,0.6878272375925243,0.2670143137992996,0.3588674631600237,0.7076359769890144,0.6600214102714944,0.7350278234759501,0.6486237396336382,134985.0
ontario,42,KAN Model,0.7150581854229368,0.42597121372647434,0.5032221008085377,0.42792930584148736,0.49795484175533555,0.4953814836164111,0.4730424173977693,0.5360758235836334,0.5083886786363367,462.0
ontario,123,Linear Regression,0.6551793488142652,-0.05205803281615348,0.7191802131094521,0.21767652871213963,0.3503972453273738,0.7384760454014079,0.662761967622528,0.8036112723229603,0.6718715670909122,
ontario,123,Ridge Regression,0.650112285050512,-0.015932346543668208,0.722716005076587,0.21706822529461917,0.34618139439015977,0.7301720694411944,0.6745705781656455,0.7982426103885579,0.6878787623109504,
ontario,123,Lasso Regression,0.6234209309110119,0.12551905407962916,0.6910757865653037,0.24984829840911546,0.3564470242780758,0.6601308627853026,0.6546915370755662,0.7382400365928372,0.7112407098075086,
ontario,123,Elastic Net,0.6309997069546716,0.11227695553079531,0.6971881271168628,0.24483867300235543,0.35361833233052076,0.6658475956659647,0.6653475432519269,0.7459542490764943,0.7116031204730653,
ontario,123,Random Forest,0.9449033821519858,0.2291689885636769,0.6462802084553025,0.27402799048984705,0.3666357357974708,0.6863955310602794,0.5320348019410414,0.7278250259175747,0.6388654749023149,
ontario,123,Extra Trees,0.9065516018107358,0.3073906439313883,0.7001142000275505,0.23484909007467125,0.34918046682552173,0.7104728037667309,0.6025668869559222,0.7835569910190473,0.7038601183685018,
ontario,123,Gradient Boosting,0.9998424370616006,0.07433585508597182,0.5796966120517677,0.3177932890196359,0.40381521675772275,0.6951924202778135,0.3768688069951207,0.656511164341894,0.5902140565922425,
ontario,123,Support Vector Regression,0.7553501097612801,0.36576966969371083,0.6769564381087165,0.2566364129082609,0.3506581119613996,0.6666363166620537,0.6918466860039543,0.7378377514567622,0.6115049983120961,
ontario,123,K-Nearest Neighbors,1.0,0.29183089361656167,0.7562189416719828,0.19767653316466471,0.3216760471201709,0.7176367038901159,0.7709834632402452,0.80917892444096,0.72707667511661,
ontario,123,Decision Tree,0.7842319582616708,0.05929303975110731,0.35449811382839364,0.4852643763021042,0.4604594737988198,0.47341054504567315,0.2723168765267544,0.6026119944366477,0.0696530393044994,
ontario,123,XGBoost,0.9974575177125784,0.4284492984370679,0.4821722189111435,0.3985235143733406,0.4429740368340413,0.5490328943915137,0.5126082245075817,0.5879344483541717,0.2791133083913069,
ontario,123,LightGBM,0.9234475930631005,0.056588351799693015,0.6474366927929225,0.26637454368533986,0.3785196294911838,0.7300701414734598,0.545334646966898,0.7341491276838896,0.580192855047442,
ontario,123,CatBoost,0.9703907173694063,0.37954447390014306,0.7236196160482626,0.22356651351656293,0.3488238195551462,0.6947728681971093,0.6302447281042,0.7786809952481843,0.790779872643557,
ontario,123,Support Vector Regression+chem,0.7795924639068023,0.42824233232185627,0.6537479607689132,0.279406900557471,0.37153591745295944,0.6147604398405195,0.6706571672305488,0.715276847719726,0.6142973882848577,
ontario,123,Random Forest+chem,0.9205381676744259,0.20687402040089006,0.6585243102272207,0.2638996195546263,0.3632055793742937,0.7020203761356925,0.547146518870139,0.7365864943099985,0.6483438515930525,
ontario,123,Ridge Regression+chem,0.660670686559717,-0.0808009541810315,0.7106926117293024,0.22313977956530268,0.34657500398633506,0.7406360675575795,0.6409052172968982,0.7943399319802384,0.6668892300824938,
ontario,123,TabNet,0.7987964711105369,0.17116275517532464,0.7413721422602546,0.20548404575519483,0.3392998430875903,0.7179756281054466,0.7322621972245466,0.826948915687891,0.6883018280231347,6126.0
ontario,123,Multi-task MLP,0.3350676220252969,0.04678642006742445,0.34364540477110805,0.5156968903840791,0.5995675916218728,0.42998027227623103,0.25388387077047103,0.3382707603370162,0.3524467157007144,4932.0
ontario,123,Explainable Model,0.838697667306715,0.2953937149200404,0.7140241631668336,0.22410312356692802,0.33585760456721436,0.7156651257021653,0.6737088556657236,0.8001260996087081,0.6665965716907374,134985.0
ontario,123,KAN Model,0.7112575701448064,0.46967728724084523,0.6065684485057536,0.3153710080414752,0.4256511056676445,0.5912360705356031,0.5920882695846079,0.6502869975815312,0.5926624563212728,462.0
ontario,456,Linear Regression,0.6044418342341247,0.5581945174469951,0.5902567054547279,0.8025612297123512,0.6063866617087789,0.6206975390333294,0.5741561448133989,0.6202717630022208,0.5459013749699622,
ontario,456,Ridge Regression,0.5993096292172266,0.6183055527366506,0.5796228117071478,0.8248031114950456,0.6095200241318901,0.6074792400805046,0.5594444538741747,0.6074179331303725,0.5441496197435391,
ontario,456,Lasso Regression,0.566562386384018,0.6127609707144647,0.5589076781814588,0.8682703696952068,0.6098637198258402,0.5723335378064194,0.5395495354421609,0.5820969443295675,0.5416506951476876,
ontario,456,Elastic Net,0.5755229298863591,0.611941434588462,0.5659509144709605,0.8539696285561534,0.6049545877375027,0.5841205061430712,0.5435323561300355,0.590262617635239,0.5458881779754965,
ontario,456,Random Forest,0.8920785658245158,0.6938761809463272,0.5293376664655587,0.9350165299148092,0.6244087193094949,0.46750022699172133,0.5557438335252012,0.5226622467686327,0.5714443585766793,
ontario,456,Extra Trees,0.9972301478167771,0.6738472733074252,0.6051598024630479,0.7785799428878171,0.5617635497398243,0.6105062439391942,0.6033453541649276,0.6070412121342879,0.5997463996137817,
ontario,456,Gradient Boosting,0.9492316287739144,0.5909151721667146,0.593085292475267,0.8059127045370326,0.5948281544770635,0.573336880237891,0.5760302826188168,0.611257308289118,0.6117166987552423,
ontario,456,Support Vector Regression,0.8997151818113804,0.33889260675355637,0.5292502150969796,0.9320923605498955,0.6518272023479104,0.5404294982326954,0.479946699457394,0.5472049475955136,0.549419715102315,
ontario,456,K-Nearest Neighbors,1.0,0.7360340318131744,0.5364487530207852,0.9146146583441398,0.6374562832638274,0.5563491542711269,0.502716479604149,0.5530803650564708,0.533649013151394,
ontario,456,Decision Tree,0.6980817455900652,0.6336708840259995,0.5027840537497291,0.988928742761926,0.6598668749960781,0.4233500484779409,0.5974947872215216,0.433207918583596,0.5570834607158583,
ontario,456,XGBoost,0.9838093454850858,0.5876526476215291,0.6174902643880795,0.7631921721327735,0.5845853038748142,0.6127784276960702,0.5289362684285724,0.6540291980597525,0.6742171633679231,
ontario,456,LightGBM,0.9902183145376368,0.555980438161012,0.6272795366548047,0.7343952319691178,0.550458158769314,0.6213738038297121,0.6097363937236112,0.6608176208807434,0.6171903281851525,
ontario,456,CatBoost,0.8919986061686018,0.6149844995795589,0.6025411508184997,0.7885025124921698,0.5920944460763614,0.5923938872055061,0.5857460253781918,0.6013806904994665,0.6306440001908349,
ontario,456,Support Vector Regression+chem,0.9352459149599941,0.4453610235560747,0.5264916428201634,0.9342345533880205,0.6659795623876015,0.5865392168620496,0.44214277744736585,0.5537915016885981,0.5234930752826401,
ontario,456,Random Forest+chem,0.9313451803442467,0.6998426546662252,0.5400598631081859,0.9125021430110684,0.6143326340589528,0.464561780985668,0.5843459945369109,0.5389701870876313,0.5723614898225329,
ontario,456,Ridge Regression+chem,0.6133986208331623,0.615230110895938,0.581255635440411,0.8203500263961301,0.6078600413610673,0.610842208944126,0.5650773573965706,0.6120750797313359,0.5370278956896113,
ontario,456,TabNet,0.7934157563100684,0.6110472421742225,0.48591828911856455,1.0033826426956958,0.6255059627365823,0.5430212191559818,0.48955376014635343,0.5051909369316416,0.40590724024028113,6126.0
ontario,456,Multi-task MLP,0.6008502394140429,0.6906853277405822,0.5354281013262849,0.9128063984031892,0.6460648673811455,0.5779012487794732,0.49978214586292036,0.5583763244451725,0.5056526862175736,4932.0
ontario,456,Explainable Model,0.6610359630065104,0.6788265096869379,0.5857004887160726,0.8118041697598312,0.5953723449819373,0.5977310298187759,0.5806932133268778,0.621586650991903,0.542791060726734,134985.0
ontario,456,KAN Model,0.7089329986987368,0.6382756518935229,0.5231834129028906,0.9294275272118109,0.6777753065803526,0.5660313504064198,0.5233956496299669,0.5636695841418551,0.43963706743332076,462.0
ontario,789,Linear Regression,0.6149332488360557,0.3907783821946979,0.48919690955228834,0.3454615586918588,0.43418607562075384,0.513840602273439,0.4402676195888161,0.5188717899784625,0.483807626368436,
ontario,789,Ridge Regression,0.6083530530041965,0.48331551194273403,0.5253638723964702,0.32148491906336335,0.40977579981061285,0.5455110443115426,0.4865136233252536,0.561688375979068,0.5077424459700163,
ontario,789,Lasso Regression,0.5788051533799777,0.5790279055198548,0.6095570081159012,0.26445618000453347,0.37620778353459594,0.6202676972649319,0.5570066567020404,0.6688814068209994,0.592072271675633,
ontario,789,Elastic Net,0.5848524874535641,0.5726444923201863,0.6053388594605223,0.2675184377893478,0.37743975585178213,0.601438739186865,0.5544220479784598,0.662711017349774,0.6027836333269907,
ontario,789,Random Forest,0.9357555208495162,0.3242378366564532,0.5908435308058352,0.2734692938319672,0.3523207315310423,0.6990710645148978,0.479823143832791,0.6368492060567904,0.5476307088188614,
ontario,789,Extra Trees,1.0,0.4829312186725908,0.5997941754719887,0.26685812689051513,0.34915420565290745,0.7168916966030292,0.4880443932001092,0.6288760420075485,0.5653645700772671,
ontario,789,Gradient Boosting,0.9793513271294475,0.269528492939878,0.4712218511310313,0.3530186067457757,0.39569964338908037,0.5965892340502916,0.31052272880351794,0.5329755042924542,0.44479993737786117,
ontario,789,Support Vector Regression,0.923396558348251,0.3230293284753585,0.2724031897321348,0.4912168492296205,0.49315229262124,0.18052089711616215,0.17301873061465067,0.2566448821912881,0.479428249006439,
ontario,789,K-Nearest Neighbors,0.7166261977760505,0.43126488261424545,0.36083683067697425,0.43160933882632263,0.4393305818290003,0.4029986181754107,0.27945262951426386,0.4075958931868011,0.3533001818314213,
ontario,789,Decision Tree,0.79279181697688,0.24054662987519143,0.2911536496219912,0.4738650886779332,0.4730142159406268,0.3871934431662857,0.15016538965784287,0.24421567390714705,0.38304009175668907,
ontario,789,XGBoost,0.9904495944480876,0.25445143957413546,0.46226839821391563,0.361554600849022,0.39614397539688045,0.5340687089764162,0.36014324054541447,0.5075986619414025,0.44726298139242926,
ontario,789,LightGBM,0.9753188853393512,0.18182689301600724,0.514814088556315,0.32245348462969115,0.387440315407082,0.6441633751594312,0.33010060587363865,0.5756063596856997,0.5093860135064903,
ontario,789,CatBoost,0.9954495771119056,0.278567768113709,0.5950329171111113,0.27404084575858784,0.3663240057406556,0.6240673112811967,0.5413103300041642,0.654094255947846,0.560659771211238,
ontario,789,Support Vector Regression+chem,0.9421654694527886,0.36765080719328413,0.34723422341912413,0.4432021143843447,0.4812941387142219,0.23894622745288518,0.32084037200093063,0.327003749814881,0.5021465444077994,
ontario,789,Random Forest+chem,0.9531667333882407,0.3485530906654568,0.5782686687588294,0.28179819366138814,0.36131809803501413,0.6831958873730499,0.46002319505783384,0.6249379206444334,0.5449176719600002,
ontario,789,Ridge Regression+chem,0.6573030820959027,0.2588966879518216,0.3417950061108451,0.4424444442037929,0.46934005388766376,0.39728337156984017,0.23313569982767157,0.3491268579464135,0.3876340950994549,
ontario,789,TabNet,0.6465943193035595,0.5981797578809829,0.524458983887315,0.3238964870650731,0.41931417292779,0.4601159799425605,0.4988432747920799,0.5715117094789393,0.5673649713356801,6126.0
ontario,789,Multi-task MLP,0.5304574510954478,0.5297495529581135,0.49094382455351115,0.3474278439816386,0.436714620083243,0.45073782489686687,0.5232383986152029,0.4920726787029711,0.4977263959990038,4932.0
ontario,789,Explainable Model,0.5748134186990951,0.5400591147590514,0.6337647841395069,0.24996298711513026,0.36066569447481844,0.6777087278783118,0.602980661752063,0.7598005424466404,0.49456920448101194,134985.0
ontario,789,KAN Model,0.743293725070447,0.3147608893786503,0.27140861622250473,0.5000858974618507,0.5053337418758308,0.31813054107862127,0.48958780200505125,0.17716088384878437,0.10075523795756203,308.0
ontario,1024,Linear Regression,0.6710667572804271,0.6054482152535726,0.4933120388179357,0.6058692105985759,0.5472940804435349,0.47025650350334425,0.505506873256379,0.5090067130972444,0.4884780654147749,
ontario,1024,Ridge Regression,0.6710008569987813,0.6060198165487667,0.4932099676042893,0.6060464552236267,0.5472906335051371,0.47134596165882137,0.5047931496639527,0.5090811891010396,0.4876195699933433,
ontario,1024,Lasso Regression,0.6700852099536281,0.6109786986521999,0.49952890765161984,0.5983592858782943,0.5433012846549562,0.4753531384814188,0.5145349774229222,0.5142038263143351,0.494023688387803,
ontario,1024,Elastic Net,0.6703874287800792,0.6101448788876267,0.49850091934239205,0.5996093023659461,0.5440602254967819,0.4746629510623007,0.5126706284687771,0.5132791436344495,0.493390954204041,
ontario,1024,Random Forest,0.9503394079924112,0.6191365479355115,0.6452771525515859,0.4235461591346852,0.45454005142681,0.6139517283268114,0.6526081279325793,0.6797114146597237,0.6348373392872295,
ontario,1024,Extra Trees,0.897320577031041,0.6141418623180228,0.603179107570519,0.4733015635342144,0.4747855739266248,0.558421911577442,0.6339816773601711,0.6500229129553675,0.5702899283890956,
ontario,1024,Gradient Boosting,0.9476675988319648,0.4272742920426722,0.5719556337984856,0.5097334946105603,0.5055678780222647,0.5053314827795433,0.588574423651483,0.5760572183344075,0.6178594104285087,
ontario,1024,Support Vector Regression,0.7899005001571471,0.5107676134718765,0.5384483956376231,0.553898161005012,0.5088306755937371,0.5584750787623141,0.5100373705735426,0.5710510256611272,0.5142301075535085,
ontario,1024,K-Nearest Neighbors,1.0,0.5395902514167524,0.5135272446719019,0.5836739981396161,0.5067760359993172,0.5327365363407679,0.4921231968372264,0.5426158092103168,0.4866334362992969,
ontario,1024,Decision Tree,0.7928187468963294,0.6349658744238182,0.6405952925549396,0.42888249638500037,0.4568265206536459,0.5990917588920784,0.6232853953511204,0.7066225923699161,0.6333814236066438,
ontario,1024,XGBoost,0.9553216523609295,0.5253576527206332,0.6451960422354984,0.4225555958866056,0.4658430519065085,0.5897776639924537,0.6531984375951394,0.6603673314176626,0.677440735936738,
ontario,1024,LightGBM,0.9347189142865204,0.6232619280842066,0.5432764156867784,0.5438157240395003,0.5045427656852448,0.4690942555936145,0.55702047884635,0.5724243393883035,0.5745665889188459,
ontario,1024,CatBoost,0.9094964463297082,0.5528537910032715,0.577330049765703,0.5045362310292876,0.5015526155515627,0.5401366363085895,0.6052106330951681,0.5870586133392081,0.5769143163198461,
ontario,1024,Support Vector Regression+chem,0.8176676564078507,0.48019562743711797,0.5408465570622788,0.5509715982256377,0.5122402847768436,0.5599062442391471,0.5120538730253864,0.5660836185595903,0.5253424924249913,
ontario,1024,Random Forest+chem,0.9230939199725182,0.6397219741645048,0.6222731493313842,0.45119261087262813,0.4614363110283676,0.5929627189297144,0.6246890878419751,0.6474084017384154,0.6240323888154322,
ontario,1024,Ridge Regression+chem,0.682313209927658,0.6014774313961428,0.5156887860579047,0.57913142059946,0.5252905616983702,0.4934436326795012,0.5231479468326083,0.5354852585033931,0.5106783062161162,
ontario,1024,TabNet,0.7526470979208523,0.6545830467405773,0.38555657080987127,0.7343656863676526,0.5698287229337067,0.353528647069002,0.44254351729589525,0.41441035092839573,0.3317437679461923,6126.0
ontario,1024,Multi-task MLP,0.7309295956494831,0.5839469339669017,0.5122135153783864,0.5849494254127661,0.5361972718212964,0.5291088656508915,0.5304388002933011,0.5325084883711737,0.4567979071981796,4932.0
ontario,1024,Explainable Model,0.6899284889481396,0.6067374867141155,0.4290262738485555,0.6835124897148799,0.563470980699005,0.42069730900171554,0.4510614086464738,0.4700106147643073,0.3743357629817258,134985.0
ontario,1024,KAN Model,0.6503459370720029,0.5223694977439053,0.5559714164099572,0.5314029243227636,0.5421572674985058,0.5511893667447816,0.6305362375150056,0.6119038714875682,0.4302561898924737,308.0
ontario,2025,Linear Regression,0.7008539137935323,0.08493315581571126,0.48178438308658855,0.5010884674389486,0.5158629721854151,0.5687767653903479,0.47693844946426456,0.5695892471760159,0.31183307031572594,
ontario,2025,Ridge Regression,0.6946200215714095,0.17137254032968038,0.5418716332110529,0.444895582901213,0.4786777313743873,0.6032189757256365,0.5432302147936903,0.6210082094960319,0.40002913282885333,
ontario,2025,Lasso Regression,0.6678911861355533,0.33807188047503733,0.5607763522375467,0.4317418410262787,0.4723096936291906,0.5789545169738,0.5583987816693462,0.6331125142353409,0.47263959607170014,
ontario,2025,Elastic Net,0.6751437947078649,0.3134027421022767,0.5581693925287441,0.43471988282759866,0.4748886424029467,0.5727495128254849,0.56052175545837,0.6326450495343534,0.46676125229676824,
ontario,2025,Random Forest,0.9414463931093399,0.34610655447330185,0.574167684357982,0.41363899349233596,0.41027350417899033,0.628022290508804,0.5600925122946198,0.6514346389646937,0.45712129566381066,
ontario,2025,Extra Trees,0.920591218679244,0.4001185509824532,0.5801311120231547,0.41190579570601576,0.4203355539016152,0.6011075750928119,0.5745945154457753,0.6564194345768138,0.4884029229772181,
ontario,2025,Gradient Boosting,0.9142874812594752,0.28300317630192945,0.5315118859927552,0.455382437821638,0.43171326556670947,0.5986041494529708,0.4692904075620554,0.5821683423285129,0.4759846446274819,
ontario,2025,Support Vector Regression,0.9062452776789554,0.36365518707285444,0.43300455875509813,0.5642628460029562,0.48912475764957614,0.4230267817344622,0.4573692837211234,0.4724551947243989,0.37916697484040784,
ontario,2025,K-Nearest Neighbors,1.0,0.0837118678127178,0.572261033634198,0.41455450682103134,0.42808819268053067,0.6287018412402996,0.61108312807031,0.6716421969395849,0.37761696828659763,
ontario,2025,Decision Tree,0.9601645947961722,-0.014211639219770283,0.3870700693772471,0.6157264149244951,0.5270727811909692,0.2847132786761898,0.31352478078685153,0.5336852621758775,0.4163569558700694,
ontario,2025,XGBoost,0.9996978836759023,0.3135014216697275,0.5058921438402162,0.48471152856862315,0.45456005663188687,0.532056378728675,0.4774114890402016,0.5889224875011738,0.4251782200908152,
ontario,2025,LightGBM,0.9993010293556568,0.1667199344913992,0.5026029021386774,0.48475493824371196,0.4610760365442059,0.5580008046115947,0.4281054353955752,0.5698679265674109,0.45443744198012925,
ontario,2025,CatBoost,0.8729237803838428,0.33412841100609025,0.5933273604271377,0.3999306036339202,0.4209797786821607,0.6102517443133428,0.6067090102774518,0.6585560315787046,0.4977926555390515,
ontario,2025,Support Vector Regression+chem,0.9269473456612844,0.4334789282934969,0.4292676549072138,0.5684747428289245,0.514816061063957,0.41175597246792417,0.40093216684377797,0.4700449028476884,0.4343375774694648,
ontario,2025,Random Forest+chem,0.9570166598551538,0.3125306282235193,0.5846123995975274,0.4046345533430869,0.3969527769616237,0.6263990589999879,0.570306913800483,0.6640731835383005,0.4776704420513386,
ontario,2025,Ridge Regression+chem,0.7253001641895231,-0.023230029920388834,0.4344035525055931,0.5461130345140092,0.4971170965710172,0.5375692498176392,0.44980734457180316,0.5284971779187201,0.22174043771420981,
ontario,2025,TabNet,0.7463415495404175,0.5011995852841955,0.4306122212221206,0.573041656526596,0.48487878582669897,0.38021231136941025,0.48149446802347573,0.44550277166439667,0.4152393338311996,6126.0
ontario,2025,Multi-task MLP,0.5586216275817787,0.39056703729925624,0.533155075385684,0.45451146278852705,0.49759454708222123,0.5734376788012628,0.6016584525461202,0.6583189145132129,0.2992052556821402,4932.0
ontario,2025,Explainable Model,0.5638171550262491,0.37664456545631086,0.5237926905140349,0.46640915965414426,0.5035928617240713,0.5459336385710634,0.4666193371759262,0.6229612977569696,0.45965648855218033,134985.0
ontario,2025,KAN Model,0.8368534521146933,0.12525173361404668,0.37705746139491103,0.6221186202924596,0.5326543834728512,0.33845108806392876,0.36057215340804616,0.44043556039719867,0.368771043710471,462.0
ontario,3407,Linear Regression,0.6507384998455856,0.5677708682889739,0.5449071136679128,0.5826519526979669,0.5331040991292891,0.5689967879715316,0.5574806717235214,0.5863176376913388,0.46683335728525943,
ontario,3407,Ridge Regression,0.6448631601847519,0.6083568727194271,0.5366559841898751,0.5949662602186832,0.5408617177968065,0.5728504276132684,0.54101819953082,0.5776837511317345,0.455071558483678,
ontario,3407,Lasso Regression,0.6203662026922754,0.5713180165284663,0.5418382592746707,0.5874119604293853,0.5445857674334095,0.5597110834823327,0.5274747052703265,0.578259597399376,0.5019076509466484,
ontario,3407,Elastic Net,0.626746792787179,0.583672581975225,0.542274617066211,0.5873951324753772,0.541799623328144,0.5651426784831513,0.5281845438955179,0.5793151112431841,0.4964561346429912,
ontario,3407,Random Forest,0.9301821494405061,0.5151973419090168,0.603943180870158,0.4935784232919429,0.47908373513599783,0.5169054950264316,0.6366181282659767,0.6206803976539405,0.6415687025342831,
ontario,3407,Extra Trees,1.0,0.6753758707954407,0.6251727499479821,0.4756438681874007,0.47772883210119554,0.6013459668078671,0.6274153987733169,0.6586914112195479,0.6132382229911965,
ontario,3407,Gradient Boosting,0.9016771985674625,0.4589810732319204,0.5999026424732724,0.4994930983882697,0.4815181767756266,0.5184205347110238,0.6355599212149912,0.630800652917967,0.6148294610491075,
ontario,3407,Support Vector Regression,0.7899869159683741,0.6216808841086046,0.6023960114162628,0.5129857746249209,0.4655719459189158,0.6463964726879303,0.5959344426493159,0.6543048425525649,0.5129482877752404,
ontario,3407,K-Nearest Neighbors,1.0,0.6598355727812844,0.5190088410023665,0.6195369528669429,0.523637216017222,0.5659270075550786,0.5054752484442684,0.553285695849884,0.45134741216023533,
ontario,3407,Decision Tree,0.8203138528199898,0.3432417218121507,0.4940851904114984,0.5989431104304261,0.5185346400536808,0.2218955092157473,0.7362732860584335,0.43921882038448135,0.5789531459873316,
ontario,3407,XGBoost,0.9866490691432089,0.4882164934044661,0.517056801188702,0.5994034773650939,0.4999884288417774,0.36617560706012386,0.5370343614013035,0.5852390871280437,0.5797781491653371,
ontario,3407,LightGBM,0.9731817715505761,0.4975185192638033,0.5424493501622599,0.5875680395430612,0.5093429420738168,0.562777499708984,0.5085648868598892,0.5575574468976949,0.5408975671824718,
ontario,3407,CatBoost,0.9912368159039163,0.56112964178487,0.5843523096201462,0.5271357848800899,0.49534410508323,0.5535396556785663,0.581051905039121,0.6139398666242625,0.588877811138635,
ontario,3407,Support Vector Regression+chem,0.9234223487533713,0.46286046811936954,0.4941106781496024,0.6546716827866377,0.557081768567985,0.558125390874073,0.45954500874824267,0.5397422089924108,0.4190301039836831,
ontario,3407,Random Forest+chem,0.9483443706558852,0.5199600118814987,0.6019100045926289,0.4947290568058904,0.4794052462284338,0.49617906696607683,0.6268433711939466,0.623141023399612,0.6614765568108805,
ontario,3407,Ridge Regression+chem,0.6488118029080758,0.5989922754742332,0.5358645812354675,0.5955860387242291,0.5414362140561323,0.5694201079981824,0.5429391147340781,0.5794485862054112,0.4516505160041988,
ontario,3407,TabNet,0.8143644093196424,0.725562540976741,0.45943540642777747,0.6830896945656291,0.5481700846823465,0.42449587040203307,0.4904679134156983,0.4626419336197265,0.46013590827365247,6126.0
ontario,3407,Multi-task MLP,0.6441095425265813,0.6612044130875694,0.5113609261255639,0.6285689051054535,0.539944473961898,0.5620440914494489,0.5234884122224831,0.5638960154374472,0.39601518539287683,4932.0
ontario,3407,Explainable Model,0.7507261403795246,0.6765179431149473,0.5951497041875402,0.5148552274510702,0.4771949339820364,0.5856957513501478,0.6060927262680982,0.6261278194387547,0.56268251969316,134985.0
ontario,3407,KAN Model,0.6658441840449932,0.36152633906011555,0.2475134127576883,0.937265580260602,0.6545395435580883,0.09311206262175442,0.3201649065751474,0.23667010408252231,0.34010657775132946,308.0
ontario,5555,Linear Regression,0.6921736670635317,0.47520940911942067,0.3651630217828457,0.4621964863784499,0.4652459238363082,0.2353064955929065,0.47711354539424056,0.410837421817821,0.33739462432641587,
ontario,5555,Ridge Regression,0.6866327331711207,0.5135349284691025,0.4070520686350887,0.43333307146253364,0.45144460887320226,0.30505348521526243,0.48304712959032514,0.44871795503895706,0.39138970469581036,
ontario,5555,Lasso Regression,0.6914015373267874,0.48783917634722207,0.38405919259047483,0.44858957929863796,0.4569307027096306,0.2549043738248742,0.4871046770306725,0.4273964130554977,0.36683130645085515,
ontario,5555,Elastic Net,0.6838812115170323,0.5227147754533805,0.4276694925898944,0.4181864849082168,0.4425334227021507,0.32463453970260003,0.5002443223758068,0.46884929154342136,0.41694981673774933,
ontario,5555,Random Forest,0.9469997553678954,0.47866750005412034,0.5299837941668032,0.3449759961507909,0.37388609564467945,0.481588454269684,0.5734712158760125,0.6052868561741583,0.45958865034735774,
ontario,5555,Extra Trees,0.9990638494406838,0.39584982307108374,0.50653554286174,0.3610993490292373,0.37688165142313773,0.4316122667905473,0.5643460183497806,0.5646302309986698,0.46555365530796244,
ontario,5555,Gradient Boosting,0.9760769557199134,0.3508133624048211,0.5386792110162415,0.33607691274081797,0.3656842181157697,0.41667006984626476,0.5987410682231487,0.6123656065845824,0.5269400994109704,
ontario,5555,Support Vector Regression,0.8995079867035461,0.2055914423461789,0.3866595531243354,0.4490518195907843,0.4181730739759485,0.2642478783694999,0.43511223085829576,0.40910408453592795,0.4381740187336184,
ontario,5555,K-Nearest Neighbors,1.0,0.5058277518864611,0.4234952527415222,0.421865528211792,0.43722989831490733,0.33888140999004734,0.49261291759102466,0.46944620529008096,0.3930404780949357,
ontario,5555,Decision Tree,0.8456112613336981,0.3318594420541736,0.38812163915984943,0.44963974993352995,0.44538481981372746,0.3353568583636716,0.43681769302644313,0.37681186644051945,0.40350013880876345,
ontario,5555,XGBoost,0.966071996431766,0.3217208147245082,0.5412160937562391,0.33396302901995667,0.37002323618156124,0.4258210020307489,0.6113003363143379,0.6615128962847852,0.4662301403950848,
ontario,5555,LightGBM,0.9526080321724048,0.28433064666986574,0.4974721201730023,0.36613490806928134,0.3671876773445271,0.3809565434322736,0.5714715322654131,0.5435134254698113,0.4939469795245113,
ontario,5555,CatBoost,0.8582595933120435,0.47430345441400207,0.5556786486753592,0.32547666105908835,0.37527028618894837,0.4802143265676857,0.5946698528149352,0.6050456869296528,0.5427847283891629,
ontario,5555,Support Vector Regression+chem,0.9412000235961078,0.28751127097484097,0.4399386962292935,0.4155144143548518,0.46167691954649615,0.42394171933899905,0.40752713181877953,0.5234364417982824,0.4048494919611124,
ontario,5555,Random Forest+chem,0.937290834369219,0.44875807681190893,0.5105393950540938,0.3587940006026186,0.37036472520419095,0.4702649235864732,0.5730477757530994,0.6041645191460665,0.3946803617307365,
ontario,5555,Ridge Regression+chem,0.6930938612792317,0.5040815913497463,0.3989794996244418,0.43955883759558106,0.44468954424650486,0.2994942982625953,0.47033077164995885,0.4402295600169963,0.385863368568216,
ontario,5555,TabNet,0.7565035488966894,0.6107744560078172,0.4492351289052774,0.4027929520613308,0.39483779379631434,0.38001976280252825,0.5281640478729751,0.5213672626429127,0.36738944230269344,6126.0
ontario,5555,Multi-task MLP,0.6092619867796518,0.40449157896468446,0.39377067716429837,0.4477229475164889,0.4858229770191041,0.3937618633831166,0.41859842111634604,0.42047575778275637,0.34224666637497403,4932.0
ontario,5555,Explainable Model,0.7399641727960551,0.484711288964821,0.4586090392613622,0.39665467005797816,0.405177006320542,0.3869036027404128,0.5163453557128035,0.5135792731072877,0.41760792548494496,134985.0
ontario,5555,KAN Model,0.7208363290379736,0.4222830594374707,0.5185616786937501,0.3540350587666634,0.4267914572039985,0.46640235573142974,0.5447726958283992,0.5583100072040256,0.5047616560111463,308.0
ontario,7777,Linear Regression,0.6288564235027114,0.059811175561049396,0.6791913048709688,0.3637497013323573,0.4586346484960184,0.6615261757820496,0.6733646239113267,0.7267503909724662,0.6551240288180322,
ontario,7777,Ridge Regression,0.6240649617105622,0.11333001765932893,0.6652322902289445,0.3802933060374577,0.46109388824209896,0.6423459337275175,0.6616147201188713,0.7070472559816028,0.6499212510877863,
ontario,7777,Lasso Regression,0.6281206531616974,0.08688945481643587,0.6781454621188233,0.36520497555213954,0.45503133927897976,0.6594688167603747,0.6726991034982447,0.7214946978984708,0.6589192303182028,
ontario,7777,Elastic Net,0.6287463399421679,0.07002013831956327,0.6782448387249381,0.3649587802519774,0.4577342977545782,0.6597608243016153,0.6725325107268404,0.7243639379286617,0.6563220819426346,
ontario,7777,Random Forest,0.9050411998823839,0.5457374372242725,0.6748480322707613,0.3697837325332483,0.4353265505996903,0.6427993514593204,0.6880858722718233,0.7231933979743466,0.6453135073775551,
ontario,7777,Extra Trees,0.9990937930325148,0.5759905162014818,0.6684708130253156,0.37694535979349797,0.42779598978037636,0.6477730275693363,0.6388569482684116,0.7033191088242225,0.683934167439292,
ontario,7777,Gradient Boosting,0.8794875101968853,0.6296050091102636,0.6746930595668106,0.37073902633069983,0.4542728343921531,0.6437161978178729,0.6619420402821508,0.7078686347523442,0.685245365414874,
ontario,7777,Support Vector Regression,0.7352397500687647,0.5650339958628777,0.644552256824755,0.40382637658778076,0.45076055040761326,0.6233206531263381,0.6475195464689302,0.6800652991541983,0.6273035285495534,
ontario,7777,K-Nearest Neighbors,1.0,0.6397760004298565,0.5976822784439908,0.4529054525856345,0.4797245430424496,0.6197106260566538,0.545364837990319,0.6490985934924914,0.5765550562364989,
ontario,7777,Decision Tree,0.737330854371136,0.16622817331460354,0.5533604080135609,0.52241496993679,0.4972320502674824,0.30815564670215434,0.6245859570615101,0.697780656019135,0.5829193722714437,
ontario,7777,XGBoost,0.9448917312606889,0.6683833920739096,0.683667504282339,0.3612191038831408,0.4293043512128562,0.6388926057310367,0.6544935347198848,0.7339705587865961,0.7073133178918384,
ontario,7777,LightGBM,0.9178220096361234,0.4240844945634018,0.6308374170772378,0.4194309109763676,0.4698213161067303,0.601855058676832,0.5975140988060734,0.6894376440829664,0.6345428667430791,
ontario,7777,CatBoost,0.8095448035223239,0.5495547607896638,0.6970669969864401,0.34271336660600477,0.442334326207253,0.6893784165260254,0.6790225424479761,0.7434295850361843,0.6764374439355747,
ontario,7777,Support Vector Regression+chem,0.7594130998551746,0.5841499115655218,0.626147591063758,0.42486439849220764,0.4597547955444959,0.6061806453009904,0.6281862210175261,0.6556888614309311,0.6145346365055844,
ontario,7777,Random Forest+chem,0.9392159929302125,0.4411966250276623,0.6695041453482073,0.37499152423726334,0.4411390461140973,0.6476651752392617,0.6401384237462684,0.7250207590531457,0.6651922233541538,
ontario,7777,Ridge Regression+chem,0.6296501152422206,0.10392286692777747,0.6609847149244141,0.3848415085019211,0.464567077996477,0.641649171809128,0.6554385705145708,0.7020384424717463,0.6448126749022114,
ontario,7777,TabNet,0.7125012999432345,0.7908350289585895,0.6420538592659206,0.41017149475901804,0.464965393401522,0.5728272992425785,0.6694849605166271,0.6923837161248263,0.6335194611796511,6126.0
ontario,7777,Multi-task MLP,0.8815473566037204,0.6106003200176665,0.625437501452186,0.4248221157584936,0.47366643297212696,0.6108853439599495,0.6340284354306003,0.6619793196280088,0.5948569067901853,4932.0
ontario,7777,Explainable Model,0.879916129916298,0.7818090624413739,0.6247405706210203,0.42769168643795785,0.4579034356083107,0.5982022726348434,0.6351692440777057,0.6377077709353857,0.6278829948361464,134985.0
ontario,7777,KAN Model,0.7778753438412394,0.34862809871934963,0.5017387816346843,0.5688169382745809,0.5788658941093746,0.4619393233092214,0.48153207321565994,0.5137343644996557,0.5497493655142001,462.0
ontario,9999,Linear Regression,0.7598727823036147,0.017101505436651177,0.4325191833415448,0.6054822968870348,0.587197770505361,0.48084551051780156,0.39067184727036175,0.4474664437007394,0.4110929318772766,
ontario,9999,Ridge Regression,0.7522690501119589,0.09709583242702327,0.4729702549147046,0.5623572463755208,0.5597643949169298,0.5180459519875251,0.4352801681365661,0.48642814297538184,0.45212675655934553,
ontario,9999,Lasso Regression,0.7284959213471783,0.11130164313452218,0.48726585528635097,0.5432950735145478,0.546663818156738,0.46066949475231345,0.49384600294385195,0.5032700363786307,0.4912778870706078,
ontario,9999,Elastic Net,0.7337023634882031,0.11466904524068333,0.48317692965218473,0.5477471951756957,0.5496667131240888,0.4593598058485173,0.4884221266662453,0.4977522740944027,0.48717351199957315,
ontario,9999,Random Forest,0.9456427989865599,0.21121093062356036,0.39102148072689236,0.6383837071834935,0.5329564067983386,0.2998104942024261,0.35651976915099604,0.3823261811722394,0.5254294783819078,
ontario,9999,Extra Trees,0.9329244082215042,0.27538384434837876,0.4394404423703955,0.5909840150448186,0.5236834935801903,0.3963434125098979,0.40899931533404743,0.4378263690301175,0.514592672607519,
ontario,9999,Gradient Boosting,0.9779445854276366,0.28711618483490453,0.3214279845910134,0.7092908646105665,0.5704461468362577,0.17821994258464469,0.2683928615362673,0.35064955743206183,0.4884495768110796,
ontario,9999,Support Vector Regression,0.8271255687876706,0.5322911404317531,0.492726394875717,0.5401312407166492,0.5223944556555165,0.5178580653952757,0.4382982407763767,0.5258825035578878,0.4888667697733279,
ontario,9999,K-Nearest Neighbors,0.7094923598046841,0.4125389569681142,0.47451638935828744,0.5609729994124582,0.5167542525256485,0.5266329869466122,0.4259045254835707,0.4898333559978636,0.45569468900510324,
ontario,9999,Decision Tree,0.8244954683893525,-0.12443547403158722,0.34005740905828025,0.6912320918708119,0.5609328907708249,0.24689168529448735,0.21325327878489164,0.3766790414283656,0.5234056307253765,
ontario,9999,XGBoost,0.9980191259420255,0.4425943508040424,0.3453035704629073,0.6891979980852824,0.5566973642797752,0.29826463740884746,0.17172922252725886,0.4213075002886164,0.4899129216269066,
ontario,9999,LightGBM,0.9784154973978292,0.10576632885917622,0.364202327768717,0.6723656984093673,0.5528213926516546,0.3723071493811754,0.2456754425315424,0.37328070804152547,0.46554601112062455,
ontario,9999,CatBoost,0.8845269075620965,0.3357687715769529,0.453431634983246,0.5773044198806945,0.5224471909891917,0.4453529843953823,0.38080339272027675,0.4487190438607338,0.5388511189565911,
ontario,9999,Support Vector Regression+chem,0.8196895034706635,0.5613111084388207,0.4393113146856441,0.5963838348304884,0.5456002905326923,0.4592594614805332,0.3890778313299431,0.4671243912359111,0.4417835746961887,
ontario,9999,Random Forest+chem,0.9611556795964122,0.18175615826774053,0.41882955676187367,0.6090015710460459,0.5182630301590803,0.33682825813451733,0.38976664779359904,0.39193785443188867,0.5567854666874894,
ontario,9999,Ridge Regression+chem,0.7528182110906789,0.09306745365760474,0.47806997068294443,0.5577692209141478,0.5558382716602547,0.5300952897101512,0.44382471638825116,0.4965524917681442,0.44180738486523097,
ontario,9999,TabNet,0.3949640699902287,0.3964646557762408,0.39786253897094015,0.6376605100384454,0.5966453461174053,0.3409881020016783,0.43230737654508833,0.43485727166563193,0.3832974056713617,6126.0
ontario,9999,Multi-task MLP,0.5805533284237385,0.21445268590950115,0.40003642043138943,0.6410589582596011,0.6151477184566615,0.45743246787083613,0.36229572651606756,0.42197725258816,0.35844023475049425,4932.0
ontario,9999,Explainable Model,0.5923546611985624,0.3185615686684087,0.47483669164925946,0.5591628039815038,0.5530974031900202,0.48817872426985365,0.4386616867893244,0.5167673084754549,0.45573904706240453,134985.0
ontario,9999,KAN Model,0.6995720190268668,0.16870221888791548,0.3992858056899047,0.6358268658501437,0.6000472872066852,0.39548618383271883,0.3517727402607477,0.3924354012105168,0.45744889745563566,462.0
