Dataset,Seed,Lambda,Train R2,Val R2,Test R2,Test MSE,Test MAE,Test R2 DCAA (mg/L),Test R2 TCAA (ug/L),Test R2 BCAA(mg/L),Test R2 HAA5 (ug/L),Test R2 HAA9 (ug/L),Params,viol_haa5,viol_haa9,viol_nonneg,Test R2 DCAA,Test R2 TCAA,Test R2 HAA5,Test R2 TTHM
original,42,0.0,0.3676821784909457,0.33863718130223575,0.04892836901079276,0.5625548416368064,0.6018932512596381,0.00974444029877608,0.10316295748449333,0.029768889731016213,0.08791139045630991,0.014054167083367708,177466,1.0,0.0,0.0,,,,
original,42,0.01,0.3678272255785172,0.33945552130204387,0.046077323819321815,0.5638272883898995,0.602865026035173,0.01836846429281258,0.12518273941215197,0.03020053331824024,0.04739719075476423,0.009237691318639607,177466,0.800000011920929,0.0,0.0,,,,
original,42,0.05,0.3623908376688309,0.3411293681309956,0.04049170126682398,0.5662999135139446,0.6051553572349382,0.026913311622267844,0.15034223322548013,0.03141534574142413,-0.011053686526331541,0.004841302271279435,177466,0.30000001192092896,0.0,0.0,,,,
original,42,0.1,0.3843667303173096,0.35125419049714257,0.04832841073854577,0.5620146822485828,0.5951944766697161,0.0359438440914569,0.17129507496410812,0.03913866332719973,-0.011469156691495064,0.006733628001459047,177466,0.05000000074505806,0.0,0.0,,,,
original,42,0.5,0.9366753231201204,0.5916130718583295,0.2632516597442869,0.4828162316832524,0.42685346248458256,0.2997858679220613,0.42296307268607836,-0.22065897030125092,0.40311442171741674,0.41105390669712893,177466,0.0,0.0,0.0,,,,
original,42,1.0,0.9325705139083951,0.5782965453930669,0.24058664408434433,0.49524626372172564,0.43760451187626687,0.29398074142716624,0.40256024033895266,-0.24320467834771575,0.37977530993646047,0.36982160706685796,177466,0.0,0.0,0.0,,,,
original,123,0.0,0.6046441023430728,0.40918932277714487,0.043083001785566274,0.5897400915368685,0.5497856219009636,-0.09375160614372846,0.07530401332774961,0.06778706488419639,0.027127454856476607,0.13894808200313724,177466,0.550000011920929,0.20000000298023224,0.0,,,,
original,123,0.01,0.6043685601969722,0.40750004677648466,0.0458818518613574,0.5879459496191,0.5488726285741803,-0.08652466072348486,0.08824265417181942,0.06707867399693801,0.018436025499957598,0.14217656636155696,177466,0.3499999940395355,0.30000001192092896,0.0,,,,
original,123,0.05,0.6237742091940113,0.40332614472831274,0.07198098603542635,0.5725235232293713,0.5498913611755404,-0.024103619215849692,0.10334777673412276,0.05401493947577718,0.04632386558241475,0.18032196760066643,177466,0.10000000149011612,0.20000000298023224,0.0,,,,
original,123,0.1,0.6140707857464233,0.40710225110085096,0.053937092332642364,0.5833877539080028,0.5517392990754358,-0.047620612611301016,0.08529888873406954,0.05394260836657161,0.008677509847184295,0.16938706732668685,177466,0.0,0.20000000298023224,0.0,,,,
original,123,0.5,0.6017168034105509,0.3988421149055363,0.08485158176314597,0.5657541351760607,0.5526634959014844,0.07401550872037321,0.14256985609710893,0.060715373360416325,0.020982898502556302,0.12597427213527512,177466,0.0,0.0,0.0,,,,
original,123,1.0,0.6422997225950914,0.35097906708075693,0.10492943575393306,0.5549822310440464,0.5675655302230849,0.15456435383660505,0.12386020962152922,-0.04295729093311018,0.08170707963953205,0.20747282660510913,177466,0.05000000074505806,0.20000000298023224,0.0,,,,
original,456,0.0,0.6133745352162954,0.3025771506380407,0.5049284324255255,0.4699316047538461,0.5290198805458016,0.5695491969102531,0.5990134719325171,0.14846770304257784,0.5861384805321117,0.6214733097101683,177466,0.800000011920929,0.3499999940395355,0.0,,,,
original,456,0.01,0.6123664963288972,0.3005316435365923,0.5015457258345707,0.47238385678406114,0.5312069558999606,0.5670524611682444,0.5981870512151843,0.14857036563137183,0.5752324980280956,0.618686253129958,177466,0.699999988079071,0.25,0.0,,,,
original,456,0.05,0.6292784216453926,0.31072273336016365,0.5154317503318941,0.4603384350318628,0.5265297367776614,0.5871545474450567,0.6136695089363536,0.16422609566014423,0.605378627637338,0.6067299719805777,177466,0.699999988079071,0.10000000149011612,0.0,,,,
original,456,0.1,0.6267544927500648,0.3030082261838129,0.509156316674137,0.46522662987589686,0.5324675946509594,0.5786588029085523,0.6146770000576793,0.162524485184811,0.5931688660615121,0.59675242915813,177466,0.4000000059604645,0.0,0.0,,,,
original,456,0.5,0.619331200360401,0.24885513066113188,0.4829801704312371,0.4837775591359355,0.549143901891717,0.5748566185958288,0.6137892808617427,0.16874482329531948,0.5599364781942184,0.49757365120907626,177466,0.0,0.0,0.0,,,,
original,456,1.0,0.556710332981671,0.18650036441607556,0.39567928444040384,0.5529352573399291,0.5861746981354343,0.4951418577546548,0.5584856814595553,0.1241841056833134,0.34452430230642817,0.45606047499806746,177466,0.0,0.05000000074505806,0.0,,,,
original,789,0.0,0.9061828770326967,0.5163360092851118,0.35660135466406395,0.8189767567514818,0.49803458550391627,0.4417465870206898,0.3773422093260119,0.03986158661832884,0.43941950282920705,0.4846368875260817,177466,0.949999988079071,0.0,0.0,,,,
original,789,0.01,0.9562120975337056,0.5195825813815924,0.3791517705599185,0.8008992686559395,0.479152689075545,0.4882893684629058,0.3951333128804877,0.04929213112607744,0.4590368194756075,0.5040072208545143,177466,0.949999988079071,0.0,0.0,,,,
original,789,0.05,0.9282769254128811,0.496205786720368,0.36258299053019216,0.8022482943710252,0.4924171382788665,0.468873596298209,0.3691984056858888,0.0690984676736367,0.4239921163469036,0.4817523666463228,177466,0.8999999761581421,0.0,0.0,,,,
original,789,0.1,0.8924639782082535,0.4808334502001392,0.3517202582796206,0.82146532686732,0.5053556766794001,0.4418647105481892,0.3751915414273068,0.040902538658901144,0.4173896239514817,0.48325287681222395,177466,0.0,0.0,0.0,,,,
original,789,0.5,0.9191395883083879,0.5271859478528471,0.3739695781147744,0.8183468176525533,0.5061236648403371,0.46653909427495766,0.3982623998662944,0.017198073560562466,0.4791638096988593,0.5086845131731981,177466,0.0,0.05000000074505806,0.0,,,,
original,789,1.0,0.9083048374999956,0.5211550199393458,0.3633361484368376,0.8313698592384821,0.5160120542177299,0.47132037016728834,0.4007816547143621,0.0028277737854395246,0.4547866487258917,0.4869642947912063,177466,0.10000000149011612,0.0,0.0,,,,
original,1024,0.0,0.7196509896272085,0.16815963647362459,0.2344439330818319,0.6749052955693717,0.6698403011291617,0.2882707910755514,0.386406487197254,-0.30469801197613133,0.4088830092392073,0.3933573898732775,177466,0.699999988079071,0.0,0.05000000074505806,,,,
original,1024,0.01,0.7176354783680757,0.17415077681737293,0.2345249970872744,0.6730339536250662,0.6705981180473561,0.29958026387581405,0.39240437951444584,-0.3278927752317884,0.41144957824453676,0.3970835390333628,177466,0.6000000238418579,0.0,0.05000000074505806,,,,
original,1024,0.05,0.7210111848189461,0.15019100559710657,0.23825832179018577,0.6701833486551838,0.6658577098726625,0.3088643666550729,0.3955759146782746,-0.31988257892087324,0.399942573970242,0.40679133256821254,177466,0.25,0.05000000074505806,0.05000000074505806,,,,
original,1024,0.1,0.7115850975751976,0.14000993613843699,0.2512982958668299,0.6587378090803582,0.6701907958191938,0.33176454557738844,0.39750510685629414,-0.30590122519849294,0.41821838076821083,0.4149046713307486,177466,0.10000000149011612,0.15000000596046448,0.05000000074505806,,,,
original,1024,0.5,0.6456020333608359,0.2002698081720844,0.27952914523217565,0.6306894817328859,0.6529108572305619,0.3794131573184226,0.39717390746305203,-0.3103724017548979,0.4803464114176377,0.4510846517166631,177466,0.05000000074505806,0.0,0.05000000074505806,,,,
original,1024,1.0,0.5801106530508899,0.4076902277978192,0.2843386081548477,0.6289522970661658,0.6418122885455396,0.39170590422918117,0.4500154649501453,-0.2649513863218389,0.4367474624947899,0.4081755954219606,177466,0.05000000074505806,0.0,0.05000000074505806,,,,
original,2025,0.0,0.9899769430033409,0.3237122916295587,0.3591999160804459,0.2640348798707137,0.3863453384875922,0.4172997313265536,0.4805535827976136,-0.09811462996289255,0.4974434564786526,0.49881743976230253,177466,1.0,0.0,0.0,,,,
original,2025,0.01,0.9883572616049172,0.341358992798199,0.329093057089365,0.2763414374477604,0.4025818443565773,0.40042467410689486,0.4752294807890751,-0.147153864213726,0.4501042717010697,0.46686072306351156,177466,1.0,0.0,0.0,,,,
original,2025,0.05,0.9889728832393618,0.3129701661762653,0.3457722760280955,0.26942977817789693,0.3898561905639218,0.4431592706766623,0.49394586726101386,-0.13192521494993348,0.4411379098691419,0.4825435472835934,177466,0.4000000059604645,0.0,0.0,,,,
original,2025,0.1,0.7961744985443046,0.2732036117597787,0.29796913982689804,0.29064035236103236,0.42526683593302816,0.39026742138463677,0.5031321414653189,-0.27831706127097844,0.42118506037554604,0.4535781371799673,177466,0.3499999940395355,0.0,0.0,,,,
original,2025,0.5,0.7772438425537739,0.2897617217919142,0.2849888838073457,0.2962268396452245,0.43652174964366985,0.3853759155675526,0.5184849525658674,-0.31137918088300176,0.40516557913297824,0.42729715265333235,177466,0.0,0.0,0.0,,,,
original,2025,1.0,0.9316490707737966,0.29420265318054933,0.36894404604925074,0.2610725669851627,0.40394665502182353,0.48038204168194387,0.5842217528002709,-0.1482120160639917,0.4618020233398742,0.46652642848815706,177466,0.0,0.0,0.0,,,,
original,3407,0.0,0.7903474401823454,0.2628786464906227,0.022653233785627468,1.138802793714707,0.6769637570583515,0.12304704063262828,-0.10207672556912462,0.12148195611712032,0.008271194763382561,-0.03745729701586864,177466,0.8999999761581421,0.0,0.0,,,,
original,3407,0.01,0.7915263598699066,0.2673287131474454,0.02871160435046034,1.133064816756646,0.6762913316777623,0.12257716359756654,-0.0944385426563703,0.12490014936795901,0.01016742426638162,-0.019648172823234722,177466,0.8999999761581421,0.0,0.0,,,,
original,3407,0.05,0.7883566022574564,0.26696143512264003,0.02537936385237156,1.1338786227908864,0.6801751162728796,0.1071614591590555,-0.08433134111860796,0.1269298689973919,-0.003364479486396066,-0.019498688289585342,177466,0.5,0.0,0.0,,,,
original,3407,0.1,0.7840168395329311,0.25429871760773126,0.01929990783602966,1.1379150743809932,0.6876420025234926,0.08537845808144395,-0.08434615437658288,0.1267013725886159,0.004163813533297089,-0.035397950646625986,177466,0.20000000298023224,0.0,0.0,,,,
original,3407,0.5,0.733661569407501,0.2925620154630417,0.09517129336231282,1.1045403195599248,0.6840336985191368,0.1812491955718557,0.026043173788579232,0.10686187549509218,-0.00605651202308799,0.16775873397912477,177466,0.10000000149011612,0.0,0.0,,,,
original,3407,1.0,0.644465035425493,0.2653198885874743,0.1524476263996733,1.0840054556573167,0.6726064432628265,0.24806427203603054,0.18162857128136423,0.08611417989406744,0.1079215466872917,0.13850956209961274,177466,0.05000000074505806,0.0,0.0,,,,
original,5555,0.0,0.6328962468152982,0.6952201893256955,0.5020043626148057,0.5492085634487388,0.5770419335686162,0.5314152445249434,0.6384132917750458,0.09166424222411274,0.6334624227765666,0.6150666117733605,177466,0.800000011920929,0.05000000074505806,0.0,,,,
original,5555,0.01,0.6334289265949214,0.7035177299269331,0.5017300485182322,0.5500709892454884,0.577323967834207,0.5290468245813211,0.6331384100169006,0.09512289951255404,0.637069887803094,0.6142722206772915,177466,0.75,0.05000000074505806,0.0,,,,
original,5555,0.05,0.631232950733684,0.6874007353251619,0.49446796730728265,0.5591308317930576,0.5880277724089499,0.5269301281661138,0.6127187363278648,0.08581305685901675,0.6289368300304921,0.617941085152926,177466,0.6499999761581421,0.0,0.05000000074505806,,,,
original,5555,0.1,0.7908757294272736,0.6988675656755671,0.5779775200490175,0.47387212265242856,0.5190159555829492,0.6278158317383145,0.6250755048433463,0.2699751228359518,0.6951843267673146,0.6718368140601604,177466,0.25,0.05000000074505806,0.05000000074505806,,,,
original,5555,0.5,0.7623412601093713,0.71507204102613,0.5520274999930136,0.5056779385349682,0.5355715580251402,0.5484111743324414,0.5965857452691745,0.26226989079026597,0.6812553155762252,0.6716153739969608,177466,0.0,0.0,0.05000000074505806,,,,
original,5555,1.0,0.7317506932607286,0.6884508024360986,0.5394722779242963,0.5226361336253855,0.5462160709040413,0.5368914954722046,0.5487461418757401,0.2563541560448154,0.6791379454819139,0.6762316507468082,177466,0.0,0.0,0.0,,,,
original,7777,0.0,0.4378817642082621,0.20874467081594075,0.3169460967710113,0.921707151465724,0.7314074190738127,0.3303628990070555,0.32025341716003497,-0.04435552261120668,0.4440591126081457,0.5344105776910275,177466,0.75,0.05000000074505806,0.0,,,,
original,7777,0.01,0.43728996335044484,0.213631357000006,0.3184513597041839,0.9197051182769744,0.730588188547127,0.3193133574311535,0.30862738608826457,-0.041148211842645166,0.4678268730048115,0.5376373938393362,177466,0.699999988079071,0.05000000074505806,0.0,,,,
original,7777,0.05,0.4292136662046673,0.22216956758214762,0.31260963974609324,0.9347972704037304,0.7289105930498796,0.29149629259775733,0.26767159455010914,-0.023245205843264838,0.4840622233135714,0.5430632941122936,177466,0.44999998807907104,0.05000000074505806,0.0,,,,
original,7777,0.1,0.44420887907534523,0.2232177607998632,0.3316694681973341,0.9044363705078016,0.7195064884201214,0.305071928226451,0.27613442340780203,-0.014978673480218863,0.5177301954219904,0.5743894674106467,177466,0.4000000059604645,0.05000000074505806,0.0,,,,
original,7777,0.5,0.4523791808360846,0.2343634573848949,0.319365267791622,0.9469008297742081,0.7130839829212505,0.18340779635868487,0.21082639234430767,0.08931792515439485,0.5305942126294388,0.5826800124712839,177466,0.15000000596046448,0.10000000149011612,0.0,,,,
original,7777,1.0,0.37828449896951116,0.1921410456471035,0.24116475586757216,1.086824829191146,0.7568855476672101,0.051902517367807266,0.03695454436741197,0.09865115324694385,0.4528029042571343,0.5655126600985643,177466,0.15000000596046448,0.05000000074505806,0.0,,,,
original,9999,0.0,0.9058576141533518,0.2091366525914749,0.44385341756652874,1.39145567752451,0.6582930982074862,0.6114144801005681,0.4655271263441705,0.021407708950597404,0.5629643564686637,0.5579534159686441,177466,0.800000011920929,0.0,0.0,,,,
original,9999,0.01,0.9026935095290826,0.19611011203967316,0.44867985441292985,1.3903601010065623,0.6579993247638882,0.6183728566999898,0.47431979059316587,0.017660940941359393,0.5675676874308644,0.56547799639927,177466,0.75,0.0,0.0,,,,
original,9999,0.05,0.9048152239908432,0.20324516887855296,0.4411359079188452,1.407469221049829,0.6636197343038107,0.6087932273324577,0.473239636400119,0.00619215791740324,0.5627555821990748,0.5546989357451715,177466,0.4000000059604645,0.0,0.0,,,,
original,9999,0.1,0.8986184231044068,0.17442871103555785,0.44292206466165496,1.4044667900022552,0.6637608490330216,0.6077625017941215,0.4710251829569314,0.007656032451039185,0.5713047176524024,0.5568618884537802,177466,0.15000000596046448,0.0,0.0,,,,
original,9999,0.5,0.8219030759473596,0.15772773127502437,0.40326887035235937,1.4843555909980413,0.701401719840387,0.5336489894727559,0.4489164167988997,-0.042925860125602844,0.532157482450502,0.5445473231652413,177466,0.10000000149011612,0.0,0.0,,,,
original,9999,1.0,0.8065713749151124,0.14792594400614967,0.4091589325021153,1.4622515686855526,0.7057000077876784,0.5344113712589151,0.4500292445567591,-0.024434840126549284,0.5350437919986678,0.5507450948227834,177466,0.0,0.0,0.0,,,,
ontario,42,0.0,0.8867051183892865,0.5272159114207781,0.6864480908937842,0.2681805346633399,0.36098130899708114,,,,,,134985,0.1320754736661911,,0.11320754885673523,0.7056344716849687,0.6570428828303136,0.7361251230510215,0.6469898860088327
ontario,42,0.01,0.8869954671777234,0.529236414651646,0.6867283079387853,0.2679290795976607,0.36073805149487986,,,,,,134985,0.09433962404727936,,0.09433962404727936,0.7063746932951073,0.6565623266970373,0.7358257277304958,0.6481504840325003
ontario,42,0.05,0.8877702578014022,0.526792520643498,0.6872906258847504,0.2673713824101933,0.3590823618464599,,,,,,134985,0.056603774428367615,,0.07547169923782349,0.7087550850372804,0.6574812040691662,0.7354097463644507,0.6475164680681043
ontario,42,0.1,0.8869711820346718,0.5253698691916611,0.6878272375925243,0.2670143137992996,0.3588674631600237,,,,,,134985,0.01886792480945587,,0.09433962404727936,0.7076359769890144,0.6600214102714944,0.7350278234759501,0.6486237396336382
ontario,42,0.5,0.8849141310228447,0.532118022830925,0.6876028045780614,0.2674033786788968,0.3580136645140012,,,,,,134985,0.0,,0.07547169923782349,0.7064158641603768,0.6689150158633965,0.728129028844184,0.646951309444288
ontario,42,1.0,0.8828281474884474,0.5392174703015474,0.6883494803792888,0.2668289728910646,0.3570633627891957,,,,,,134985,0.0,,0.056603774428367615,0.7075451280880443,0.6719042942307143,0.724887314560499,0.6490611846378969
ontario,123,0.0,0.8361731742196985,0.26109811542526873,0.7238985398872648,0.21565673796122892,0.3292031735342025,,,,,,134985,0.056603774428367615,,0.03773584961891174,0.7291751233952745,0.6805399935870268,0.8103298545759965,0.6755491879907618
ontario,123,0.01,0.8365197501245711,0.26953329637869794,0.7194692297331219,0.2187491316245273,0.3320655972096953,,,,,,134985,0.056603774428367615,,0.03773584961891174,0.7279580754059294,0.674502238817764,0.8060732323692845,0.6693433723395099
ontario,123,0.05,0.8362539402012696,0.26787305845821413,0.7193707547787518,0.21902573994200839,0.33253373316367363,,,,,,134985,0.0,,0.056603774428367615,0.7262757281802072,0.6758494890684343,0.8062394134539261,0.6691183884124392
ontario,123,0.1,0.838697667306715,0.2953937149200404,0.7140241631668336,0.22410312356692802,0.33585760456721436,,,,,,134985,0.0,,0.056603774428367615,0.7156651257021653,0.6737088556657236,0.8001260996087081,0.6665965716907374
ontario,123,0.5,0.4948847315543108,0.22841990343230956,0.537231397792479,0.3576559462342357,0.46373785662198047,,,,,,134985,0.0,,0.0,0.5876876341987538,0.4702474999532269,0.646453228998689,0.44453722801924656
ontario,123,1.0,0.49344695471436806,0.22610692658082795,0.5351076326302354,0.35955007622208346,0.4656192764281434,,,,,,134985,0.0,,0.0,0.5874265756676225,0.4716045570972568,0.6367511646179027,0.4446482331381598
ontario,456,0.0,0.6605914119826475,0.6798084452363553,0.5834657016979463,0.8162888984998405,0.5974087111103066,,,,,,134985,0.056603774428367615,,0.07547169923782349,0.60315894651452,0.5891404942937508,0.5998813065184043,0.54168205946511
ontario,456,0.01,0.660672028138969,0.679709709765953,0.5838520471562254,0.8154889297561991,0.5971749040452218,,,,,,134985,0.01886792480945587,,0.07547169923782349,0.6024093394504172,0.5879676615917404,0.6033212148499123,0.5417099727328312
ontario,456,0.05,0.661035556893399,0.6795641393689916,0.5850017413953668,0.8131654007711581,0.596267961186355,,,,,,134985,0.0,,0.056603774428367615,0.6010936074888635,0.5839237570300766,0.6127641802918309,0.542225420770696
ontario,456,0.1,0.6610359630065104,0.6788265096869379,0.5857004887160726,0.8118041697598312,0.5953723449819373,,,,,,134985,0.01886792480945587,,0.056603774428367615,0.5977310298187759,0.5806932133268778,0.621586650991903,0.542791060726734
ontario,456,0.5,0.7340967794017994,0.6745604852066898,0.6066170579559693,0.7705717902622703,0.5796259570383154,,,,,,134985,0.0,,0.07547169923782349,0.6203318445392028,0.6019774871999715,0.6399911484292464,0.5641677516554564
ontario,456,1.0,0.7333205658833727,0.66988780789796,0.606004215510739,0.7716214990230071,0.57949018936078,,,,,,134985,0.0,,0.01886792480945587,0.6192184574417733,0.5972938683983615,0.6452461955845816,0.5622583406182395
ontario,789,0.0,0.574924378644062,0.5348739856075131,0.6322113081144356,0.2503240347624225,0.3619732355383612,,,,,,134985,0.35849055647850037,,0.056603774428367615,0.6911266278344809,0.5920476381749136,0.7514146301185144,0.49425633632983357
ontario,789,0.01,0.5750080377571245,0.5356397047148872,0.6325132303157771,0.2502162664747849,0.3617607254981056,,,,,,134985,0.3207547068595886,,0.056603774428367615,0.6893942252957501,0.5936629063483939,0.752710929373688,0.4942848602452763
ontario,789,0.05,0.5750956420394806,0.5384783611583349,0.6334647079704752,0.24990675555211223,0.36101039413082414,,,,,,134985,0.24528302252292633,,0.056603774428367615,0.6832275310713899,0.5991285250540686,0.7571120333718595,0.494390742384582
ontario,789,0.1,0.5748134186990951,0.5400591147590514,0.6337647841395069,0.24996298711513026,0.36066569447481844,,,,,,134985,0.18867924809455872,,0.056603774428367615,0.6777087278783118,0.602980661752063,0.7598005424466404,0.49456920448101194
ontario,789,0.5,0.5725011404597481,0.5440449146826732,0.631710215894737,0.25212540653541243,0.36171667140713837,,,,,,134985,0.056603774428367615,,0.01886792480945587,0.6576357512373654,0.614757843097192,0.7590168786719707,0.4954303905724198
ontario,789,1.0,0.5699541520583441,0.5485904607102807,0.6292260207555419,0.25427563700082473,0.36266482073273426,,,,,,134985,0.0,,0.01886792480945587,0.6437705279690039,0.6218380793888214,0.7551058483448034,0.49618962731953853
ontario,1024,0.0,0.6895876910122262,0.6086093242248193,0.4290795343722221,0.6834725094547573,0.5647197008277144,,,,,,134985,0.01886792480945587,,0.056603774428367615,0.4214113488982807,0.4515965248705295,0.4685929200741721,0.37471734364590614
ontario,1024,0.01,0.689608538367041,0.6082143664520786,0.42897355964030776,0.6835750810463859,0.5647044088273374,,,,,,134985,0.01886792480945587,,0.056603774428367615,0.4206926555547559,0.4513351228850804,0.4693422400567038,0.3745242200646913
ontario,1024,0.05,0.6897461474626175,0.6076413182015226,0.42890492957224235,0.6836132259198721,0.5640262190312726,,,,,,134985,0.0,,0.056603774428367615,0.4195682344635655,0.4512370172509701,0.47021696036542415,0.3745975062090092
ontario,1024,0.1,0.6899284889481396,0.6067374867141155,0.4290262738485555,0.6835124897148799,0.563470980699005,,,,,,134985,0.0,,0.056603774428367615,0.42069730900171554,0.4510614086464738,0.4700106147643073,0.3743357629817258
ontario,1024,0.5,0.6876801679297379,0.601922048002923,0.4277883454506673,0.6855041319268586,0.5624923641249354,,,,,,134985,0.0,,0.056603774428367615,0.4321123783955013,0.4523636308246892,0.45256849727988935,0.37410887530258896
ontario,1024,1.0,0.6865747389744314,0.5986301657069535,0.4270273661608764,0.6865644822011734,0.5618043264238046,,,,,,134985,0.0,,0.03773584961891174,0.43496718473585994,0.4518597633525001,0.44787619109950794,0.3734063254556371
ontario,2025,0.0,0.5640455458487839,0.3737680992625225,0.5196091270988736,0.46923008252632686,0.5055414695398348,,,,,,134985,0.3962264060974121,,0.11320754885673523,0.5494894796533152,0.44512139172985177,0.6241454431224579,0.4596801938898698
ontario,2025,0.01,0.5640659345828198,0.37414083586468105,0.5201385461500987,0.4688630936285325,0.5053133427780677,,,,,,134985,0.37735849618911743,,0.11320754885673523,0.5491169988517788,0.44778672809972186,0.6239944571021514,0.4596560005467427
ontario,2025,0.05,0.564008580447201,0.37548308148451837,0.5220740524270784,0.467543180270674,0.5043942522380775,,,,,,134985,0.3396226465702057,,0.11320754885673523,0.5475381966845547,0.45748842048740046,0.6235473599977785,0.45972223253857947
ontario,2025,0.1,0.5638171550262491,0.37664456545631086,0.5237926905140349,0.46640915965414426,0.5035928617240713,,,,,,134985,0.3396226465702057,,0.11320754885673523,0.5459336385710634,0.4666193371759262,0.6229612977569696,0.45965648855218033
ontario,2025,0.5,0.5592278283997604,0.38273885420862674,0.5331993429490761,0.46090252316170344,0.4996747595931924,,,,,,134985,0.24528302252292633,,0.11320754885673523,0.5334995020424211,0.5237275041053415,0.6156853491701253,0.4598850164784165
ontario,2025,1.0,0.5984632981679066,0.38769817991982247,0.5605809021762727,0.4340793388188167,0.47312680231583837,,,,,,134985,0.18867924809455872,,0.1320754736661911,0.5582821881799943,0.5590808261756922,0.6416785360112629,0.4832820583381413
ontario,3407,0.0,0.7512625859826652,0.6791057420437796,0.5958217994940007,0.5140880104939687,0.47748858183374676,,,,,,134985,0.0,,0.01886792480945587,0.5881171877726232,0.6078889431890617,0.6255137746980632,0.5617672923162551
ontario,3407,0.01,0.7511662465517273,0.6783133526170101,0.5954118453190919,0.5145499257007786,0.47740791108693514,,,,,,134985,0.0,,0.03773584961891174,0.5868843488794718,0.6072346648109039,0.6256636641700442,0.5618647034159474
ontario,3407,0.05,0.7508535346396417,0.6769829369980099,0.5946749486854099,0.5153109227886721,0.4775569834837502,,,,,,134985,0.0,,0.03773584961891174,0.5846549265877916,0.6067947643980728,0.6250019294770555,0.5622481742787201
ontario,3407,0.1,0.7507261403795246,0.6765179431149473,0.5951497041875402,0.5148552274510702,0.4771949339820364,,,,,,134985,0.0,,0.056603774428367615,0.5856957513501478,0.6060927262680982,0.6261278194387547,0.56268251969316
ontario,3407,0.5,0.697149808446438,0.6899556106219606,0.5711725130067924,0.553055271040265,0.48681319269392387,,,,,,134985,0.0,,0.03773584961891174,0.6210056855349493,0.5637075517621171,0.6067087940517693,0.49326802067833375
ontario,3407,1.0,0.6925628828283936,0.6924886743374967,0.5667246674288522,0.5593510770276352,0.4929611130104205,,,,,,134985,0.01886792480945587,,0.0,0.6206843820891981,0.5562182482864941,0.6021303567674227,0.4878656825722939
ontario,5555,0.0,0.739759885342134,0.4841256501923458,0.45967899106722415,0.3956766258077532,0.4039869486633657,,,,,,134985,0.35849055647850037,,0.0,0.37867514770878774,0.5165052523697315,0.523106183256133,0.4204293809342443
ontario,5555,0.01,0.7398908882721597,0.4839841939634023,0.4596267626582742,0.3957263393104624,0.4042196434876798,,,,,,134985,0.2641509473323822,,0.0,0.37907679941411854,0.5164504509033674,0.5228342481020373,0.42014555221357397
ontario,5555,0.05,0.7399976936561433,0.4843831630756652,0.45943743034193907,0.3959472256578125,0.4049454080173933,,,,,,134985,0.0,,0.0,0.38338451025711573,0.5169257246266648,0.5182597439585881,0.4191797425253877
ontario,5555,0.1,0.7399641727960551,0.484711288964821,0.4586090392613622,0.39665467005797816,0.405177006320542,,,,,,134985,0.0,,0.0,0.3869036027404128,0.5163453557128035,0.5135792731072877,0.41760792548494496
ontario,5555,0.5,0.7397619670647502,0.47971192998052703,0.45099029054200257,0.40225571964024087,0.4097919629598354,,,,,,134985,0.0,,0.0,0.3856671863258724,0.5133553684344685,0.4908189302331962,0.4141196771744733
ontario,5555,1.0,0.6198855280713802,0.4699605571633071,0.32584042842953664,0.49630261559534794,0.4672285560018533,,,,,,134985,0.0,,0.0,0.3728123510382335,0.4204009941127017,0.3733445606108655,0.1368038079563454
ontario,7777,0.0,0.8804673002842436,0.7793472811481179,0.6229096420723601,0.4301792933993253,0.45735951385520096,,,,,,134985,0.11320754885673523,,0.01886792480945587,0.5920744824327868,0.6396207710919013,0.6341268985071331,0.6258164162576192
ontario,7777,0.01,0.88144594041625,0.7792427269171857,0.6223503582848917,0.4306458508166684,0.4577772538431329,,,,,,134985,0.09433962404727936,,0.01886792480945587,0.5932063521791382,0.6364813134315661,0.6344445335048035,0.6252692340240591
ontario,7777,0.05,0.8814353730755949,0.7772192215846816,0.6232780266478009,0.4294211534648051,0.45780080521626043,,,,,,134985,0.0,,0.01886792480945587,0.5960516421844106,0.6355690676597969,0.6356974041909029,0.6257939925560929
ontario,7777,0.1,0.879916129916298,0.7818090624413739,0.6247405706210203,0.42769168643795785,0.4579034356083107,,,,,,134985,0.0,,0.03773584961891174,0.5982022726348434,0.6351692440777057,0.6377077709353857,0.6278829948361464
ontario,7777,0.5,0.8802342916447814,0.7775350753371267,0.618231481874214,0.43450128186972903,0.4635321136969197,,,,,,134985,0.0,,0.0,0.5984428493231725,0.6162300470906852,0.6329577285350588,0.6252953025479392
ontario,7777,1.0,0.8935352328111726,0.7683713391159629,0.6095085013697996,0.44393104204955314,0.47291864103729575,,,,,,134985,0.0,,0.0,0.5960953700043188,0.592473848182351,0.6248124807662132,0.624652306526315
ontario,9999,0.0,0.5924168124731009,0.31888928676260075,0.4748646863654044,0.5591312459024383,0.5527329244605397,,,,,,134985,0.01886792480945587,,0.1320754736661911,0.488076107468133,0.43873963691776163,0.5169578491614337,0.45568515191428915
ontario,9999,0.01,0.5924100841275155,0.31881715234017194,0.4748692485738655,0.5591259588946864,0.5527770691330043,,,,,,134985,0.01886792480945587,,0.1320754736661911,0.4880834789461639,0.4387396914532453,0.5169494061797667,0.45570441771628534
ontario,9999,0.05,0.592386933841065,0.3187250422801877,0.47485049616533037,0.5591461557613997,0.5528982910889664,,,,,,134985,0.01886792480945587,,0.1320754736661911,0.48810724792444116,0.4387021192778492,0.5168718503255307,0.4557207671335005
ontario,9999,0.1,0.5923546611985624,0.3185615686684087,0.47483669164925946,0.5591628039815038,0.5530974031900202,,,,,,134985,0.01886792480945587,,0.1320754736661911,0.48817872426985365,0.4386616867893244,0.5167673084754549,0.45573904706240453
ontario,9999,0.5,0.5450603890110988,0.31741625949841157,0.4382025412407905,0.5985035615450001,0.5763883342148347,,,,,,134985,0.0,,0.07547169923782349,0.463956697297227,0.3930222467276231,0.474863573868781,0.4209676470695307
ontario,9999,1.0,0.5443159757981264,0.31596603572108645,0.4376501930977329,0.5990888312262446,0.5775152352593627,,,,,,134985,0.0,,0.07547169923782349,0.4640747163663601,0.3928464074574095,0.4726998273440933,0.4209798212230683
