DCAA,TCAA,HAA5,TTHM,Temp,pH,DOC,Cl2,NO2-N,NH4-N,Br,DWS_NAME,SAMPLE_DATE,Year
12.0,16.0,30.0,34.0,8.3,8.04,3.9,2.066666666666667,0.0005,0.02,3.57,AMELIASBURGH HAMLET  DRINKING WATER SYSTEM,20170425,2017
28.0,23.0,56.0,45.6,19.2,7.82,4.0,1.7466666666666668,0.0005,0.016,2.0199999999999996,AMELIASBURGH HAMLET  DRINKING WATER SYSTEM,20170809,2017
3.9,2.5,7.6,22.5,19.8,7.8,1.2,0.9066666666666666,0.0005,0.0025,2.0199999999999996,AMHERSTBURG DRINKING WATER SYSTEM,20170627,2017
8.6,4.4,16.0,27.1,22.3,8.0,1.3,0.8666666666666666,0.0005,0.024,2.0199999999999996,AMHERSTBURG DRINKING WATER SYSTEM,20170829,2017
3.8,3.4,8.0,8.7,5.9,7.83,1.1,0.94,0.002,0.013,2.0199999999999996,AMHERSTBURG DRINKING WATER SYSTEM,20171204,2017
0.15,0.375,0.5,1.0,13.8,7.36,3.3,0.49333333333333335,0.0005,0.027,1.12,ASUBPEESCHOSEEWAGONG FIRST NATIONS DRINKING WATER SYSTEM,20170529,2017
0.15,0.375,0.5,1.5,23.3,7.27,3.7,1.1466666666666667,0.002,0.013,1.16,ASUBPEESCHOSEEWAGONG FIRST NATIONS DRINKING WATER SYSTEM,20170814,2017
3.6,3.4,8.1,7.8,9.3,7.98,1.2,1.0533333333333335,0.0005,0.007,2.2,BARE POINT ROAD DRINKING WATER SYSTEM,20170516,2017
4.7,7.0,12.0,16.1,14.9,8.02,1.1,2.12,0.0005,0.009,1.88,BAYSIDE DRINKING WATER SYSTEM,20170503,2017
24.0,29.0,56.0,46.9,17.099999999999998,8.05,2.9,2.1533333333333338,0.0005,0.017,2.93,BAYSIDE DRINKING WATER SYSTEM,20171017,2017
17.0,25.0,44.0,48.0,7.5,7.56,2.9,0.84,0.0005,0.006,2.0199999999999996,BEARDMORE  DRINKING WATER SYSTEM,20170424,2017
6.9,9.7,18.0,26.3,10.7,7.62,2.5,1.9666666666666668,0.0005,0.006,2.0199999999999996,BELLEVILLE  DRINKING WATER SYSTEM,20170425,2017
25.0,16.0,43.0,44.7,23.7,7.75,3.3,1.7733333333333334,0.0005,0.0025,0.76,BELLEVILLE  DRINKING WATER SYSTEM,20170731,2017
7.8,12.0,20.0,29.1,6.0,7.97,2.2,1.24,0.0005,0.009,1.51,BRACEBRIDGE (KIRBY'S BEACH)  DRINKING WATER SYSTEM,20170509,2017
15.0,20.0,35.0,38.7,14.1,7.86,1.9,1.18,0.0005,0.024,1.74,BRACEBRIDGE (KIRBY'S BEACH)  DRINKING WATER SYSTEM,20171023,2017
0.15,0.375,0.5,2.2,9.6,8.14,0.4,0.7000000000000001,0.0005,0.0025,2.0199999999999996,BRIGHTON SPRINGS DRINKING WATER SYSTEM,20170717,2017
0.74,0.375,1.1,2.3,9.2,8.0,0.4,0.84,0.0005,0.018,2.0199999999999996,BRIGHTON SPRINGS DRINKING WATER SYSTEM,20171120,2017
2.9,4.2,8.8,15.2,9.9,8.16,1.6,1.5333333333333332,0.002,0.007,2.0199999999999996,BROCKVILLE  DRINKING WATER SYSTEM,20170404,2017
9.7,9.7,20.0,37.1,18.3,7.92,2.0,1.4666666666666668,0.0005,0.01,2.0199999999999996,BROCKVILLE  DRINKING WATER SYSTEM,20170815,2017
21.0,15.0,37.0,36.5,20.3,8.52,2.8,1.4733333333333334,0.005,0.344,2.0199999999999996,CENTRAL DRINKING WATER SYSTEM - BRITANNIA,20170919,2017
25.0,12.0,38.0,29.6,2.0,8.25,3.5,1.87,0.006,0.346,2.24,CENTRAL DRINKING WATER SYSTEM - BRITANNIA,20171206,2017
20.0,17.0,38.0,35.7,13.6,8.65,3.0,1.04,0.004,0.253,2.0199999999999996,CENTRAL DRINKING WATER SYSTEM - LEMIEUX ISLAND,20170530,2017
25.0,20.0,45.0,46.4,20.6,8.59,2.8,1.4733333333333334,0.006,0.344,1.46,CENTRAL DRINKING WATER SYSTEM - LEMIEUX ISLAND,20170919,2017
27.0,17.0,44.0,30.5,2.2,7.89,3.2,1.3866666666666667,0.01,0.309,2.0199999999999996,CENTRAL DRINKING WATER SYSTEM - LEMIEUX ISLAND,20171207,2017
0.36,0.375,3.3,11.9,9.3,7.88,0.7,1.02,0.0005,0.025,2.0199999999999996,CENTRE WELLINGTON DRINKING WATER SYSTEM,20171121,2017
4.3,3.7,9.2,16.0,13.4,7.95,1.7,1.2,0.0005,0.0025,2.0199999999999996,CHATHAM-KENT DRINKING WATER SYSTEM - CHATHAM,20170628,2017
7.5,5.3,15.0,17.3,11.75,7.86,1.5,1.2,0.0005,0.011,2.0199999999999996,CHATHAM-KENT DRINKING WATER SYSTEM - CHATHAM,20171122,2017
6.6,6.0,15.0,19.9,15.6,8.03,1.6,1.4333333333333333,0.0005,0.0025,2.0199999999999996,CHATHAM-KENT DRINKING WATER SYSTEM - SOUTH CHATHAM-KENT,20170712,2017
3.6,3.5,8.0,14.5,11.0,7.81,1.1,1.2466666666666668,0.0005,0.0025,2.0199999999999996,CHATHAM-KENT DRINKING WATER SYSTEM - WALLACEBURG,20170516,2017
8.7,8.4,18.0,18.6,9.5,7.6,1.4,1.26,0.0005,0.011,2.0199999999999996,CHATHAM-KENT DRINKING WATER SYSTEM - WALLACEBURG,20171121,2017
0.61,0.375,1.9,4.3,12.0,8.17,1.5,1.1866666666666668,0.002,0.189,4.82,CITY OF TORONTO DRINKING WATER SYSTEM - F. J. HORGAN,20170404,2017
5.1,3.1,9.6,11.9,11.3,7.84,1.7,1.2866666666666666,0.002,0.013,3.89,CITY OF TORONTO DRINKING WATER SYSTEM - F. J. HORGAN,20171010,2017
2.1,1.4,4.6,9.9,8.0,8.03,1.7,1.0666666666666667,0.002,0.148,2.0199999999999996,CITY OF TORONTO DRINKING WATER SYSTEM - R.C.HARRIS,20170613,2017
4.0,2.0,7.4,12.6,11.0,7.87,1.7,1.3666666666666665,0.0005,0.164,2.0199999999999996,CITY OF TORONTO DRINKING WATER SYSTEM - R.C.HARRIS,20171114,2017
0.7,0.375,0.5,0.9,19.1,7.9,1.3,1.1733333333333333,0.0005,0.0025,1.6,CITY OF WINDSOR DRINKING WATER SYSTEM,20170612,2017
2.4,0.375,3.0,0.7,6.0,7.59,1.4,1.0333333333333334,0.0005,0.023,3.62,CITY OF WINDSOR DRINKING WATER SYSTEM,20171129,2017
2.8,1.9,5.7,19.6,19.5,7.76,1.3,1.0,0.002,0.008,2.0199999999999996,COBOURG DRINKING WATER SYSTEM,20170925,2017
7.5,3.6,11.0,9.9,3.4,7.97,1.3,1.3133333333333332,0.0005,0.014,2.0199999999999996,COLLINGWOOD DRINKING WATER SYSTEM,20171212,2017
6.8,5.0,14.0,34.6,21.2,8.09,1.4,0.8799999999999999,0.0005,0.029,2.0199999999999996,CORNWALL  DRINKING WATER SYSTEM,20170920,2017
4.2,7.4,13.0,20.2,12.0,7.97,1.7,0.96,0.002,0.0025,0.9,DECEW FALLS-NIAGARA FALLS DRINKING WATER SYSTEM - DECEW FALLS,20170524,2017
1.9,2.8,5.6,15.3,11.6,7.96,1.5,0.8866666666666667,0.002,0.0025,0.67,DECEW FALLS-NIAGARA FALLS DRINKING WATER SYSTEM - NIAGARA FALLS,20170523,2017
4.9,2.5,8.1,10.2,5.7,7.95,1.9,0.9,0.0005,0.022,2.5,DECEW FALLS-NIAGARA FALLS DRINKING WATER SYSTEM - NIAGARA FALLS,20171211,2017
5.4,3.4,12.0,15.9,12.5,8.16,2.7,1.1133333333333333,0.0005,0.015,2.0199999999999996,DELHI DRINKING WATER SYSTEM,20170503,2017
14.0,3.5,20.0,9.2,18.2,8.07,2.1,1.2266666666666666,0.002,0.009,2.0199999999999996,DELHI DRINKING WATER SYSTEM,20170823,2017
0.66,0.375,0.5,1.5,11.3,8.11,0.5,0.9866666666666667,0.002,0.006,2.0199999999999996,DELHI DRINKING WATER SYSTEM,20170823,2017
18.0,3.3,22.0,11.0,6.6,8.13,2.4,0.9733333333333333,0.0005,0.019,2.0199999999999996,DELHI DRINKING WATER SYSTEM,20171213,2017
0.81,0.375,0.5,0.6,10.8,8.14,0.4,1.0733333333333333,0.0005,0.016,2.0199999999999996,DELHI DRINKING WATER SYSTEM,20171213,2017
0.15,0.375,0.5,0.3,8.4,7.69,0.5,0.82,0.0005,0.021,2.0199999999999996,DOWLING DRINKING WATER SYSTEM,20170426,2017
0.15,0.375,0.5,0.3,12.1,7.63,0.5,1.0866666666666667,0.002,0.023,2.0199999999999996,DOWLING DRINKING WATER SYSTEM,20171003,2017
12.0,18.0,32.0,35.5,7.5,7.46,3.0,1.0933333333333333,0.0005,0.007,2.0199999999999996,DRYDEN  DRINKING WATER SYSTEM,20170509,2017
2.7,1.8,7.6,14.8,19.1,7.88,1.1,1.0533333333333335,0.0005,0.0025,2.73,DUNNVILLE DRINKING WATER SYSTEM,20170710,2017
2.7,1.5,5.8,9.0,9.3,7.89,1.2,1.0866666666666667,0.002,0.014,3.19,DUNNVILLE DRINKING WATER SYSTEM,20171204,2017
6.5,2.6,11.0,13.2,23.299999999999997,7.93,1.4,0.9533333333333333,0.0005,0.02,3.59,ELGIN AREA PRIMARY WATER SUPPLY SYSTEM,20170815,2017
0.15,0.375,0.5,1.2,0.8,8.08,0.5,0.7799999999999999,0.0005,0.0025,2.0199999999999996,ERIN DRINKING WATER SYSTEM,20170427,2017
0.15,0.375,0.5,3.7,0.9,8.04,0.4,0.7200000000000001,0.0005,0.0025,2.0199999999999996,ERIN DRINKING WATER SYSTEM,20170427,2017
0.15,0.375,0.5,1.8,6.6,7.96,0.5,0.8533333333333334,0.002,0.012,2.0199999999999996,ERIN DRINKING WATER SYSTEM,20171010,2017
3.2,2.6,6.8,15.5,20.9,7.63,1.2,1.0066666666666666,0.0005,0.0025,3.08,ESSEX DRINKING WATER SYSTEM - HARROW-COLCHESTER SOUTH,20170620,2017
1.6,0.82,3.1,4.4,8.6,7.6,1.0,1.0133333333333334,0.0005,0.017,2.03,ESSEX DRINKING WATER SYSTEM - HARROW-COLCHESTER SOUTH,20171115,2017
16.0,22.0,41.0,44.5,6.0,7.57,3.8,1.88,0.0005,0.023,2.0199999999999996,FORT FRANCES  DRINKING WATER SYSTEM,20170418,2017
25.0,32.0,58.0,54.0,5.0,7.75,3.4,1.6133333333333333,0.0005,0.016,2.0199999999999996,FORT FRANCES  DRINKING WATER SYSTEM,20171108,2017
0.53,0.375,3.6,1.3,10.1,8.05,0.4,1.1066666666666667,0.0005,0.008,2.0199999999999996,GEORGETOWN DRINKING WATER SYSTEM,20170403,2017
0.47,0.375,3.7,0.8,10.2,7.96,0.4,1.1933333333333334,0.0005,0.0025,2.0199999999999996,GEORGETOWN DRINKING WATER SYSTEM,20170403,2017
0.15,0.375,0.5,2.7,9.0,8.17,0.7,1.1466666666666667,0.0005,0.018,2.0199999999999996,GEORGETOWN DRINKING WATER SYSTEM,20171114,2017
0.15,0.375,0.5,0.6,9.0,8.2,0.7,1.1466666666666667,0.0005,0.018,2.0199999999999996,GEORGETOWN DRINKING WATER SYSTEM,20171114,2017
4.3,4.5,9.6,19.0,12.0,8.11,2.2,1.4666666666666668,0.0005,0.0025,2.0199999999999996,GEORGINA DRINKING WATER SYSTEM - GEORGINA,20170619,2017
4.7,5.8,12.0,18.3,8.0,7.94,2.9,1.3800000000000001,0.0005,0.014,2.0199999999999996,GEORGINA DRINKING WATER SYSTEM - KESWICK,20170424,2017
8.1,7.1,16.0,15.7,5.0,7.63,2.9,1.5466666666666666,0.0005,0.024,2.0199999999999996,GEORGINA DRINKING WATER SYSTEM - KESWICK,20171129,2017
7.1,6.6,15.0,37.7,18.0,8.0,1.8,1.0999999999999999,0.002,0.01,2.0199999999999996,GLEN WALTER  DRINKING WATER SYSTEM,20170911,2017
11.0,10.0,22.0,29.8,19.8,7.97,1.9,0.8533333333333334,0.0005,0.014,2.0199999999999996,GODERICH DRINKING WATER SYSTEM,20170628,2017
9.8,9.7,20.0,18.2,5.75,7.92,1.7,1.1666666666666667,0.0005,0.012,2.0199999999999996,GODERICH DRINKING WATER SYSTEM,20171122,2017
13.0,20.0,32.0,34.4,11.0,7.81,2.0,1.5333333333333332,0.0005,0.0025,2.0199999999999996,GRAVENHURST (MUSKOKA BEACH)  DRINKING WATER SYSTEM,20170720,2017
17.0,28.0,46.0,44.3,13.4,7.73,1.9,1.4400000000000002,0.0005,0.008,1.34,GRAVENHURST (MUSKOKA BEACH)  DRINKING WATER SYSTEM,20171024,2017
4.0,2.0,6.6,12.9,8.0,7.86,1.4,1.1466666666666667,0.0005,0.013,2.94,GRIMSBY DRINKING WATER SYSTEM,20170816,2017
3.4,1.4,7.7,16.0,9.5,7.92,1.3,1.04,0.002,0.009,2.0199999999999996,GUELPH DRINKING WATER SYSTEM,20171011,2017
8.8,11.0,21.0,26.2,6.0,7.56,2.3,0.7400000000000001,0.002,0.022,1.61,HAWKESBURY  DRINKING WATER SYSTEM,20170424,2017
0.8,0.375,1.2,6.4,8.0,8.17,0.5,0.7600000000000001,0.0005,0.008,1.22,HILLSBURGH DRINKING WATER SYSTEM,20170612,2017
1.2,1.7,2.9,7.4,9.0,8.17,0.6,0.82,0.0005,0.0025,0.08,HILLSBURGH DRINKING WATER SYSTEM,20170612,2017
1.5,0.375,1.9,4.5,8.0,8.03,1.1,0.7266666666666667,0.0005,0.022,0.92,HILLSBURGH DRINKING WATER SYSTEM,20171211,2017
3.0,2.3,5.3,7.4,8.0,8.06,1.3,0.8000000000000002,0.0005,0.027,0.23,HILLSBURGH DRINKING WATER SYSTEM,20171211,2017
8.2,12.0,21.0,23.9,10.2,7.44,1.5,1.2933333333333332,0.0005,0.015,2.0199999999999996,HUNTSVILLE (FAIRYVIEW)  DRINKING WATER SYSTEM,20170501,2017
20.0,17.0,39.0,30.7,9.2,7.64,1.9,1.36,0.0005,0.018,2.0199999999999996,HUNTSVILLE (FAIRYVIEW)  DRINKING WATER SYSTEM,20170809,2017
7.9,11.0,21.0,27.9,7.6,7.85,3.4,2.2,0.0005,0.016,2.0199999999999996,INNISFIL LAKE SIMCOE DRINKING WATER SYSTEM,20170502,2017
20.0,16.0,38.0,36.0,20.0,7.76,3.4,1.4666666666666668,0.0005,0.014,2.0199999999999996,INNISFIL LAKE SIMCOE DRINKING WATER SYSTEM,20170814,2017
14.0,22.0,37.0,45.6,4.75,7.93,4.0,1.32,0.004,0.368,2.0199999999999996,KENORA AREA  DRINKING WATER SYSTEM,20170403,2017
3.5,3.2,7.4,14.9,13.0,8.28,1.7,1.6666666666666667,0.002,0.0025,2.2,KINGSTON DRINKING WATER SYSTEM - KING STREET,20170613,2017
2.9,2.2,6.1,15.7,18.0,8.03,1.4,1.3133333333333335,0.0005,0.008,0.48,KINGSTON DRINKING WATER SYSTEM - KING STREET,20170929,2017
2.6,2.2,5.6,10.3,10.9,8.11,1.0,0.8733333333333334,0.0005,0.01,2.0199999999999996,LAKE HURON PRIMARY WATER SUPPLY SYSTEM,20170411,2017
3.4,2.1,6.9,12.7,21.7,7.77,0.7,0.9,0.0005,0.0025,2.0199999999999996,LAKE HURON PRIMARY WATER SUPPLY SYSTEM,20170711,2017
5.9,5.1,12.0,15.1,16.5,8.0,1.3,1.1533333333333333,0.0005,0.0025,2.45,LAMBTON AREA WATER SUPPLY SYSTEM,20170612,2017
7.2,4.4,12.0,12.8,7.0,7.89,1.1,1.18,0.0005,0.021,2.58,LAMBTON AREA WATER SUPPLY SYSTEM,20171211,2017
13.0,22.0,37.0,35.6,13.1,7.66,2.6,1.5133333333333334,0.0005,0.013,2.01,LINDSAY  DRINKING WATER SYSTEM,20170502,2017
9.4,6.8,17.0,21.4,8.8,8.18,1.5,1.35,0.0005,0.026,0.86,MANITOUWADGE  DRINKING WATER SYSTEM,20171003,2017
2.9,1.9,4.8,9.1,9.9,8.31,0.7,1.32,0.0005,0.025,2.25,MARATHON  DRINKING WATER SYSTEM,20170830,2017
0.15,0.375,0.5,0.05,10.8,8.05,0.3,1.1466666666666667,0.0005,0.0025,6.08,MIDLAND DRINKING WATER SYSTEM,20170712,2017
6.2,3.5,12.0,19.9,11.5,8.08,1.6,1.1133333333333333,0.0005,0.018,1.46,NANTICOKE DRINKING WATER SYSTEM,20171114,2017
10.0,15.0,25.0,42.2,4.5,7.74,3.1,1.3933333333333333,0.0005,0.0025,2.0199999999999996,NIPIGON  DRINKING WATER SYSTEM,20170509,2017
28.0,25.0,53.0,53.0,18.7,7.83,3.1,1.5999999999999999,0.0005,0.0025,2.09,NIPIGON  DRINKING WATER SYSTEM,20170817,2017
20.0,22.0,46.0,64.0,17.4,7.74,2.2,0.6266666666666666,0.0005,0.01,1.29,OHSWEKEN DRINKING WATER SYSTEM,20170516,2017
22.0,24.0,48.0,68.4,15.3,7.89,2.4,0.7533333333333333,0.0005,0.017,2.0199999999999996,OHSWEKEN DRINKING WATER SYSTEM,20171101,2017
0.15,0.375,0.5,0.2,7.5,8.08,0.4,1.1933333333333334,0.002,0.0025,0.78,ORANGEVILLE DRINKING WATER SYSTEM,20170524,2017
4.2,1.6,14.0,54.5,14.7,8.01,1.2,1.4533333333333334,0.0005,0.035,11.8,ORANGEVILLE DRINKING WATER SYSTEM,20170914,2017
12.0,13.0,28.0,48.7,15.5,8.06,3.3,1.2266666666666668,0.0005,0.0025,2.0199999999999996,ORILLIA DRINKING WATER SYSTEM,20170531,2017
19.0,15.0,35.0,56.3,22.7,7.94,3.8,1.5666666666666667,0.002,0.012,2.0199999999999996,ORILLIA DRINKING WATER SYSTEM,20170823,2017
18.0,15.0,35.0,43.6,18.2,8.18,2.3,1.1466666666666667,0.0005,0.024,2.0199999999999996,OWEN SOUND DRINKING WATER SYSTEM,20170829,2017
13.0,17.0,30.0,38.5,7.9,7.66,2.6,0.8933333333333332,0.0005,0.008,2.0199999999999996,PEMBROKE  DRINKING WATER SYSTEM,20170509,2017
24.0,28.0,53.0,73.9,20.0,7.86,3.0,0.9333333333333332,0.0005,0.0025,2.0199999999999996,PEMBROKE  DRINKING WATER SYSTEM,20170718,2017
23.0,27.0,50.0,62.4,15.5,7.69,2.8,1.16,0.0005,0.015,2.0199999999999996,PEMBROKE  DRINKING WATER SYSTEM,20171024,2017
10.0,15.0,26.0,32.4,6.5,7.92,2.5,1.2733333333333332,0.0005,0.025,2.0199999999999996,PERTH  DRINKING WATER SYSTEM,20170424,2017
27.0,31.0,59.0,48.7,7.7,7.59,3.7,1.28,0.0005,0.008,0.53,PERTH  DRINKING WATER SYSTEM,20171106,2017
11.0,15.0,28.0,32.6,12.0,7.71,2.4,1.1066666666666667,0.0005,0.0025,2.0199999999999996,PETERBOROUGH  DRINKING WATER SYSTEM,20170425,2017
32.0,28.0,63.0,55.9,24.0,7.64,3.3,1.5466666666666669,0.002,0.013,2.0199999999999996,PETERBOROUGH  DRINKING WATER SYSTEM,20170801,2017
26.0,36.0,65.0,57.8,12.8,7.6,2.8,1.9733333333333334,0.0005,0.0025,2.0199999999999996,PICTON  DRINKING WATER SYSTEM,20170509,2017
14.0,16.0,30.0,42.4,16.7,7.68,2.1,1.9866666666666666,0.0005,0.0025,2.0199999999999996,PICTON  DRINKING WATER SYSTEM,20171024,2017
1.5,0.98,2.7,19.2,19.45,7.87,1.4,0.8333333333333334,0.0005,0.007,2.0199999999999996,PORT COLBORNE DRINKING WATER SYSTEM,20170626,2017
1.8,1.0,3.7,18.3,21.0,7.76,1.4,0.8799999999999999,0.0005,0.034,2.0199999999999996,PORT COLBORNE DRINKING WATER SYSTEM,20170919,2017
3.8,2.2,7.2,15.0,13.5,7.94,1.7,1.0,0.0005,0.007,1.83,PORT DOVER DRINKING WATER SYSTEM,20170529,2017
7.6,6.1,15.0,17.9,19.7,7.87,1.7,1.04,0.002,0.027,0.88,PORT DOVER DRINKING WATER SYSTEM,20171002,2017
4.9,4.2,11.0,19.9,10.0,8.13,1.6,1.3066666666666666,0.0005,0.0025,2.0199999999999996,PORT HOPE DRINKING WATER SYSTEM,20170523,2017
16.0,8.9,28.0,36.2,20.0,8.06,1.8,1.2266666666666668,0.002,0.034,2.0199999999999996,PORT HOPE DRINKING WATER SYSTEM,20170920,2017
2.0,2.1,6.8,23.6,12.7,8.03,1.9,1.16,0.0005,0.029,2.61,PORT ROWAN DRINKING WATER SYSTEM,20170503,2017
12.0,12.0,25.0,35.7,14.9,8.03,2.2,1.2,0.002,0.0025,2.37,PRESCOTT  DRINKING WATER SYSTEM,20170614,2017
9.9,7.6,18.0,31.3,17.0,7.97,1.8,1.1133333333333333,0.002,0.026,2.0199999999999996,PRESCOTT  DRINKING WATER SYSTEM,20171002,2017
11.0,10.0,22.0,24.9,15.0,7.69,2.5,1.0933333333333333,0.0005,0.0025,2.0199999999999996,RED ROCK  DRINKING WATER SYSTEM,20170719,2017
2.3,2.3,5.2,19.6,14.5,8.18,1.5,0.7533333333333333,0.0005,0.0025,1.17,ROSEHILL DRINKING WATER SYSTEM,20170605,2017
3.4,2.8,7.0,23.6,22.0,8.16,1.3,0.8133333333333334,0.0005,0.011,0.08,ROSEHILL DRINKING WATER SYSTEM,20170925,2017
4.6,3.1,8.5,15.8,15.5,8.26,1.3,1.1333333333333333,0.0005,0.0025,2.74,SAUGEEN SHORES DRINKING WATER SYSTEM,20170612,2017
1.3,0.375,1.9,0.4,7.0,7.97,0.3,0.7266666666666667,0.0005,0.0025,2.0199999999999996,SAULT STE MARIE  DRINKING WATER SYSTEM,20170531,2017
4.9,3.3,8.3,8.9,7.5,7.86,1.2,0.9199999999999999,0.0005,0.0025,2.25,SAULT STE MARIE  DRINKING WATER SYSTEM,20170531,2017
0.15,0.375,0.5,0.1,12.0,7.83,0.3,0.8066666666666666,0.0005,0.017,2.0199999999999996,SAULT STE MARIE  DRINKING WATER SYSTEM,20170809,2017
0.78,0.375,7.0,10.6,13.0,7.97,1.1,0.7799999999999999,0.0005,0.018,2.0199999999999996,SAULT STE MARIE  DRINKING WATER SYSTEM,20170809,2017
0.63,0.375,5.4,14.8,13.2,7.91,1.1,1.0333333333333334,0.0005,0.037,2.0199999999999996,SIMCOE DRINKING WATER SYSTEM,20170913,2017
11.0,14.0,26.0,33.7,13.1,7.92,2.7,1.0333333333333334,0.0005,0.0025,2.0199999999999996,SMITHS FALLS  DRINKING WATER SYSTEM,20170502,2017
28.0,24.0,55.0,49.5,21.7,7.87,2.9,1.68,0.0005,0.014,2.0199999999999996,SMITHS FALLS  DRINKING WATER SYSTEM,20170808,2017
2.3,1.4,4.7,8.4,19.3,8.01,1.6,0.9666666666666668,0.0005,0.011,3.58,SOUTH HALTON DRINKING WATER SYSTEM - BURLINGTON,20170829,2017
2.6,0.375,3.7,1.8,6.5,7.92,1.6,0.9,0.0005,0.017,3.44,SOUTH HALTON DRINKING WATER SYSTEM - BURLINGTON,20171212,2017
0.62,0.375,6.6,13.1,14.0,8.09,0.6,0.9866666666666667,0.0005,0.0025,2.0199999999999996,SOUTH HALTON DRINKING WATER SYSTEM - MILTON,20170403,2017
0.56,0.375,3.5,10.4,13.0,8.09,1.0,1.0999999999999999,0.0005,0.0025,2.0199999999999996,SOUTH HALTON DRINKING WATER SYSTEM - MILTON,20170620,2017
0.15,0.375,0.5,0.05,7.0,8.11,0.7,0.8866666666666667,0.0005,0.0025,2.0199999999999996,SOUTH HALTON DRINKING WATER SYSTEM - MILTON,20170620,2017
0.88,0.93,1.8,6.7,7.9,8.02,1.9,1.0533333333333335,0.0005,0.0025,4.42,SOUTH HALTON DRINKING WATER SYSTEM - OAKVILLE,20170704,2017
2.6,3.1,7.3,11.9,5.0,7.94,1.7,0.8666666666666667,0.0005,0.0025,2.82,SOUTH PEEL DRINKING WATER SYSTEM - LAKEVIEW,20170410,2017
2.2,2.5,6.2,9.4,5.6,7.98,1.7,0.88,0.0005,0.0025,2.44,SOUTH PEEL DRINKING WATER SYSTEM - LAKEVIEW,20170410,2017
1.2,1.3,4.0,13.9,15.8,8.23,1.7,0.9400000000000001,0.0005,0.0025,3.57,SOUTH PEEL DRINKING WATER SYSTEM - LORNE PARK,20170710,2017
3.4,2.2,6.7,21.6,19.5,8.03,1.8,1.0,0.002,0.009,4.94,SOUTH PEEL DRINKING WATER SYSTEM - LORNE PARK,20170918,2017
4.1,7.0,11.0,19.1,10.3,7.98,1.7,0.82,0.0005,0.0025,2.0199999999999996,STRATFORD DRINKING WATER SYSTEM,20170628,2017
17.0,14.0,34.0,33.7,6.0,7.74,3.4,1.3,0.0005,0.0025,2.0199999999999996,SUDBURY DRINKING WATER SYSTEM - DAVID ST,20170425,2017
35.0,18.0,55.0,32.7,14.4,7.64,3.2,1.42,0.002,0.012,1.22,SUDBURY DRINKING WATER SYSTEM - DAVID ST,20170801,2017
1.3,0.375,2.0,1.4,9.0,8.13,0.9,1.2066666666666668,0.0005,0.023,0.85,SUDBURY DRINKING WATER SYSTEM - GARSON,20170418,2017
0.99,0.375,1.3,2.5,9.3,8.01,1.1,2.0866666666666664,0.0005,0.024,0.97,SUDBURY DRINKING WATER SYSTEM - GARSON,20171205,2017
17.0,9.2,30.0,21.4,9.0,7.29,2.5,1.1466666666666667,0.0005,0.0025,1.36,SUDBURY DRINKING WATER SYSTEM - WAHNAPITEI,20170424,2017
20.0,7.2,29.0,14.9,9.3,7.4,2.3,1.9466666666666665,0.0005,0.021,0.38,SUDBURY DRINKING WATER SYSTEM - WAHNAPITEI,20171207,2017
6.1,6.3,12.0,14.2,15.2,7.8,0.8,1.0,0.002,0.007,1.99,TERRACE BAY  DRINKING WATER SYSTEM,20170925,2017
4.3,3.5,8.8,10.5,13.1,7.95,1.1,1.0266666666666666,0.0005,0.0025,2.0199999999999996,TOWN OF HANOVER DRINKING WATER SYSTEM,20170606,2017
9.0,4.8,15.0,9.5,9.3,8.03,1.0,1.22,0.002,0.012,2.0199999999999996,TOWN OF HANOVER DRINKING WATER SYSTEM,20171204,2017
14.0,14.0,30.0,34.4,16.8,7.77,1.7,1.1866666666666668,0.002,0.0025,2.0199999999999996,TOWN OF LAKESHORE DRINKING WATER SYSTEM - STONEY POINT,20170523,2017
9.7,5.3,18.0,21.2,21.9,7.92,1.4,1.1933333333333334,0.0005,0.026,2.0199999999999996,TOWN OF LAKESHORE DRINKING WATER SYSTEM - STONEY POINT,20170829,2017
3.6,2.7,7.6,13.2,15.7,8.08,1.5,1.0933333333333333,0.0005,0.009,2.0199999999999996,TOWN OF LAKESHORE DRINKING WATER SYSTEM,20170530,2017
4.5,2.1,8.5,13.5,18.2,7.92,0.9,1.1533333333333333,0.0005,0.011,2.0199999999999996,TOWN OF LAKESHORE DRINKING WATER SYSTEM,20170912,2017
7.4,11.0,21.0,21.0,11.0,7.42,2.1,2.066666666666667,0.0005,0.024,2.0199999999999996,TRENTON  DRINKING WATER SYSTEM,20170419,2017
7.1,5.5,15.0,22.5,16.3,8.04,1.6,1.3733333333333333,0.002,0.283,2.82,UNION AREA WATER SUPPLY SYSTEM,20170524,2017
8.1,6.2,16.0,27.5,20.0,8.04,1.4,1.3266666666666667,0.002,0.313,6.35,UNION AREA WATER SUPPLY SYSTEM,20170911,2017
0.43,0.375,0.5,0.8,8.6,8.07,0.6,0.88,0.0005,0.007,2.0199999999999996,VALLEY DRINKING WATER SYSTEM,20170516,2017
0.15,0.375,0.5,0.3,8.2,7.84,0.3,0.8933333333333334,0.0005,0.0025,2.0199999999999996,VALLEY DRINKING WATER SYSTEM,20170516,2017
1.2,0.375,1.2,0.5,9.5,7.78,0.2,0.8666666666666667,0.0005,0.012,2.0199999999999996,VALLEY DRINKING WATER SYSTEM,20170926,2017
4.0,0.375,4.0,1.2,10.6,7.92,1.0,1.0,0.0005,0.013,2.0199999999999996,VALLEY DRINKING WATER SYSTEM,20170926,2017
0.32,0.375,0.5,0.4,10.7,7.6,0.8,0.8466666666666667,0.0005,0.015,2.0199999999999996,VALLEY DRINKING WATER SYSTEM,20171024,2017
0.41,0.375,0.5,0.4,12.0,7.89,0.6,0.9,0.0005,0.015,2.0199999999999996,VALLEY DRINKING WATER SYSTEM,20171024,2017
0.15,0.375,0.5,0.05,10.1,8.01,0.4,1.0133333333333334,0.0005,0.028,2.0199999999999996,WALKERTON DRINKING WATER SYSTEM,20170920,2017
2.2,2.0,5.0,12.4,12.1,8.11,1.2,0.7133333333333333,0.002,0.0025,1.02,WALPOLE ISLAND DRINKING WATER SYSTEM,20170523,2017
21.0,27.0,50.0,63.1,4.2,7.91,3.1,0.79,0.0005,0.011,0.08,WAWA DRINKING WATER SYSTEM,20170508,2017
3.4,4.3,9.0,18.4,9.7,8.0,1.7,0.9199999999999999,0.0005,0.011,0.92,WELLAND DRINKING WATER SYSTEM,20170418,2017
7.0,4.9,13.0,24.6,23.8,7.92,1.6,0.9866666666666667,0.0005,0.033,2.0199999999999996,WELLAND DRINKING WATER SYSTEM,20170814,2017
11.0,10.0,23.0,37.2,16.6,8.2,2.0,1.7533333333333332,0.0005,0.0025,2.95,WELLINGTON  DRINKING WATER SYSTEM,20170704,2017
12.0,10.0,24.0,35.0,19.3,8.1,1.8,1.7333333333333334,0.0005,0.033,2.2,WELLINGTON  DRINKING WATER SYSTEM,20170919,2017
4.7,4.3,11.0,20.3,6.4,8.06,1.6,1.4533333333333334,0.0005,0.439,2.0199999999999996,YORK DRINKING WATER SYSTEM - AURORA,20170412,2017
3.2,2.9,7.7,16.5,13.2,8.13,1.0,0.8533333333333335,0.002,0.0025,3.34,YORK DRINKING WATER SYSTEM - STOUFFVILLE,20170719,2017
